Timestamp,total-bitcoins
2009-01-01 00:00:00,0
2009-01-03 19:15:05,50
2009-01-14 14:36:09,22800
2009-01-18 14:09:44,45550
2009-01-22 21:04:14,68300
2009-01-25 19:45:36,91050
2009-01-29 21:59:34,113800
2009-02-02 15:39:39,136650
2009-02-06 04:29:34,159400
2009-02-09 17:54:05,182150
2009-02-13 09:01:00,204950
2009-02-16 21:25:37,227700
2009-02-20 14:51:56,250450
2009-02-24 16:46:47,273200
2009-02-28 22:29:07,295950
2009-03-05 07:28:05,318800
2009-03-09 07:06:09,341800
2009-03-13 12:51:40,365000
2009-03-17 09:06:38,387900
2009-03-21 09:26:34,410750
2009-03-25 18:25:31,433800
2009-03-29 19:16:14,456650
2009-04-03 04:11:56,482000
2009-04-07 01:51:32,504800
2009-04-11 11:09:53,527750
2009-04-15 08:23:18,550600
2009-04-19 04:36:01,573500
2009-04-22 23:24:41,596350
2009-04-27 10:16:55,619600
2009-05-01 04:19:26,642600
2009-05-05 00:47:42,666000
2009-05-08 17:44:06,689650
2009-05-13 05:39:11,712700
2009-05-16 22:49:02,736250
2009-05-21 02:48:15,759850
2009-05-26 21:04:54,783650
2009-05-31 05:51:04,807250
2009-06-07 21:38:36,830050
2009-06-13 08:33:10,853250
2009-06-19 06:33:53,876400
2009-06-25 02:39:12,900350
2009-07-01 08:18:08,924100
2009-07-06 21:43:10,946950
2009-07-12 22:21:36,970450
2009-07-21 05:35:00,994350
2009-07-31 02:09:42,1018050
2009-08-08 17:41:45,1041800
2009-08-14 21:56:30,1065550
2009-08-30 05:23:42,1088850
2009-09-05 14:15:30,1112650
2009-09-12 13:17:18,1136250
2009-09-19 04:39:36,1160100
2009-09-26 02:10:41,1183000
2009-10-01 17:15:21,1207800
2009-10-09 14:26:51,1231950
2009-10-16 12:25:19,1255850
2009-10-22 08:06:12,1279150
2009-10-28 14:43:57,1302200
2009-11-06 15:53:47,1325000
2009-11-13 07:01:05,1347750
2009-11-18 08:53:30,1370500
2009-11-23 17:11:52,1393400
2009-11-29 05:31:45,1416150
2009-12-05 21:01:16,1439200
2009-12-10 08:50:49,1462000
2009-12-14 12:46:10,1484750
2009-12-17 22:03:28,1507500
2009-12-20 03:24:49,1530500
2009-12-22 19:34:26,1553250
2009-12-25 16:32:03,1576100
2009-12-28 16:24:39,1598900
2009-12-31 16:37:19,1622350
2010-01-04 04:23:15,1648450
2010-01-06 17:36:08,1671250
2010-01-09 17:05:26,1694100
2010-01-12 10:24:41,1717050
2010-01-15 09:53:41,1739950
2010-01-18 20:55:24,1762700
2010-01-21 22:19:50,1785600
2010-01-25 00:16:20,1808350
2010-01-27 07:24:29,1831250
2010-01-29 20:32:08,1854150
2010-02-01 06:33:25,1877150
2010-02-03 17:16:26,1900100
2010-02-05 15:47:22,1923150
2010-02-07 21:28:59,1946200
2010-02-10 02:57:32,1969150
2010-02-12 19:09:25,1992050
2010-02-14 21:50:35,2014950
2010-02-17 08:14:53,2038000
2010-02-19 12:53:05,2061100
2010-02-21 15:15:27,2084150
2010-02-23 12:11:08,2107000
2010-02-26 00:51:11,2130300
2010-02-28 19:22:39,2153300
2010-03-03 07:10:57,2176200
2010-03-05 23:25:12,2199200
2010-03-08 19:25:40,2222200
2010-03-11 22:58:59,2245000
2010-03-15 09:00:32,2268050
2010-03-18 18:17:28,2291050
2010-03-21 11:59:42,2313950
2010-03-23 21:36:50,2337000
2010-03-26 11:14:29,2359800
2010-03-28 21:08:00,2382800
2010-03-31 08:08:03,2408300
2010-04-03 01:34:58,2431750
2010-04-05 21:09:04,2454650
2010-04-08 11:09:32,2477700
2010-04-10 17:41:44,2500800
2010-04-12 18:09:39,2524050
2010-04-15 05:59:51,2547050
2010-04-17 10:24:53,2570100
2010-04-19 10:36:24,2593450
2010-04-21 14:37:17,2616800
2010-04-24 10:28:45,2639850
2010-04-27 05:05:45,2662900
2010-04-29 22:46:26,2686150
2010-05-02 20:06:50,2709400
2010-05-06 01:40:09,2732750
2010-05-09 06:23:09,2755900
2010-05-12 22:39:23,2779150
2010-05-16 22:35:48,2802250
2010-05-19 23:22:37,2825800
2010-05-22 12:06:36,2849250
2010-05-24 19:28:46,2872800
2010-05-26 23:58:59,2896300
2010-05-29 06:32:27,2919650
2010-06-01 09:28:43,2942850
2010-06-04 14:01:28,2966100
2010-06-07 18:10:06,2989450
2010-06-10 15:35:52,3012950
2010-06-13 15:08:49,3036200
2010-06-16 08:59:24,3059850
2010-06-19 13:27:24,3082900
2010-06-22 10:55:05,3106600
2010-06-25 04:21:28,3130050
2010-06-28 03:12:25,3153650
2010-06-30 21:12:20,3177050
2010-07-03 08:07:39,3200650
2010-07-05 20:21:14,3223850
2010-07-08 19:18:58,3247200
2010-07-11 05:15:52,3270500
2010-07-12 16:29:14,3297350
2010-07-13 07:04:04,3324000
2010-07-14 02:51:53,3348350
2010-07-14 23:06:27,3372500
2010-07-15 17:46:01,3397300
2010-07-16 11:55:29,3420800
2010-07-18 13:39:17,3444100
2010-07-21 04:22:01,3467300
2010-07-23 14:37:59,3490800
2010-07-25 21:51:11,3514050
2010-07-28 06:57:43,3537700
2010-07-30 21:28:49,3560850
2010-08-01 23:42:07,3583750
2010-08-03 22:41:32,3606750
2010-08-05 23:04:39,3629850
2010-08-08 18:03:24,3652650
2010-08-11 03:10:46,3676050
2010-08-13 03:28:53,3698900
2010-08-15 00:13:55,3721800
2010-08-17 19:20:55,3744650
2010-08-20 21:36:34,3767550
2010-08-23 05:53:14,3790350
2010-08-25 07:56:09,3813200
2010-08-27 16:12:23,3836550
2010-08-30 10:44:00,3859400
2010-09-02 05:38:36,3882350
2010-09-04 23:06:55,3905300
2010-09-07 20:11:26,3928400
2010-09-10 18:13:17,3951300
2010-09-13 10:22:40,3974250
2010-09-15 21:15:54,3997050
2010-09-18 02:08:53,4020100
2010-09-20 04:12:26,4043000
2010-09-22 15:22:03,4065850
2010-09-24 16:23:47,4088700
2010-09-26 22:31:34,4111500
2010-09-29 00:54:00,4134750
2010-10-01 23:49:27,4157600
2010-10-05 16:04:13,4180550
2010-10-08 13:18:54,4203400
2010-10-11 07:52:17,4226250
2010-10-14 02:17:19,4249300
2010-10-16 10:09:54,4272250
2010-10-18 03:52:44,4295350
2010-10-20 00:11:23,4318500
2010-10-22 02:30:18,4341700
2010-10-24 18:27:57,4365050
2010-10-26 19:23:03,4388050
2010-10-28 22:39:01,4411100
2010-10-30 21:46:22,4434250
2010-11-02 11:18:38,4457150
2010-11-04 21:05:12,4480200
2010-11-07 00:01:31,4503200
2010-11-08 19:32:33,4526200
2010-11-10 21:38:10,4549050
2010-11-13 06:32:25,4572000
2010-11-15 06:16:49,4595450
2010-11-17 10:40:08,4618650
2010-11-19 09:15:43,4641850
2010-11-22 17:46:51,4664950
2010-11-25 15:51:52,4687900
2010-11-28 01:01:46,4711000
2010-11-30 10:29:32,4734150
2010-12-02 21:34:58,4757250
2010-12-05 02:12:16,4780450
2010-12-07 00:23:10,4803600
2010-12-08 23:04:02,4826700
2010-12-11 11:14:51,4849650
2010-12-14 06:32:22,4872750
2010-12-16 21:57:48,4896500
2010-12-19 15:09:53,4919650
2010-12-22 06:00:56,4943000
2010-12-25 09:07:16,4965950
2010-12-28 04:39:40,4988850
2010-12-30 23:48:23,5012100
2011-01-02 15:13:05,5035150
2011-01-05 16:20:44,5058000
2011-01-08 12:48:12,5080900
2011-01-11 08:47:19,5103850
2011-01-14 00:15:47,5127000
2011-01-16 16:19:17,5149950
2011-01-19 12:06:07,5172950
2011-01-22 04:00:08,5196200
2011-01-24 19:56:06,5219150
2011-01-27 10:09:11,5242000
2011-01-30 09:30:31,5264950
2011-02-02 04:02:44,5287800
2011-02-04 21:45:51,5311050
2011-02-07 09:58:11,5333850
2011-02-09 20:44:34,5356800
2011-02-12 06:20:36,5379650
2011-02-14 15:00:34,5402500
2011-02-16 17:58:11,5425350
2011-02-18 18:13:48,5448450
2011-02-21 04:14:00,5471350
2011-02-23 10:26:17,5494350
2011-02-25 10:59:27,5517200
2011-02-27 04:10:32,5539950
2011-03-01 21:43:43,5562800
2011-03-04 09:42:35,5585700
2011-03-06 03:20:59,5608550
2011-03-08 01:56:49,5631350
2011-03-11 04:25:03,5654400
2011-03-14 20:03:37,5677300
2011-03-18 10:17:45,5700100
2011-03-21 21:48:52,5723100
2011-03-25 03:52:02,5746100
2011-03-28 05:00:12,5769100
2011-03-31 00:10:03,5791950
2011-04-02 11:42:19,5815300
2011-04-05 04:03:13,5839100
2011-04-08 00:17:20,5862050
2011-04-10 19:03:12,5884900
2011-04-13 10:55:45,5907850
2011-04-16 07:41:03,5930750
2011-04-19 05:13:25,5953700
2011-04-22 04:26:59,5976450
2011-04-24 21:25:50,5999300
2011-04-27 05:59:16,6022100
2011-04-29 18:18:53,6044850
2011-05-02 05:09:00,6067750
2011-05-04 13:35:52,6090600
2011-05-06 17:07:18,6113500
2011-05-08 21:04:03,6136400
2011-05-10 23:56:29,6159400
2011-05-13 11:46:04,6182300
2011-05-15 11:21:49,6205100
2011-05-17 08:33:39,6227850
2011-05-19 00:20:15,6250650
2011-05-21 08:19:04,6273600
2011-05-23 05:12:08,6296450
2011-05-24 18:10:18,6319350
2011-05-26 06:13:23,6342150
2011-05-28 10:18:25,6364900
2011-05-31 05:16:55,6387800
2011-06-02 20:37:53,6410650
2011-06-04 23:54:28,6433450
2011-06-07 02:09:25,6456300
2011-06-09 12:22:27,6479100
2011-06-11 13:00:24,6501850
2011-06-13 11:03:29,6524700
2011-06-15 07:05:32,6547450
2011-06-17 09:07:37,6570250
2011-06-19 15:05:44,6593000
2011-06-21 14:10:19,6615850
2011-06-23 09:33:45,6638800
2011-06-25 15:26:03,6661550
2011-06-28 13:55:19,6684300
2011-07-01 02:36:46,6707100
2011-07-03 18:58:08,6729900
2011-07-06 16:44:34,6752650
2011-07-09 19:07:45,6775400
2011-07-12 22:13:51,6798150
2011-07-15 15:38:15,6820950
2011-07-18 12:12:21,6843800
2011-07-21 11:27:09,6866600
2011-07-24 10:42:38,6889350
2011-07-27 03:45:26,6912200
2011-07-29 22:29:47,6935100
2011-08-01 16:24:54,6958050
2011-08-04 20:21:11,6981250
2011-08-08 10:51:28,7004400
2011-08-11 15:16:53,7027550
2011-08-15 05:39:07,7051100
2011-08-18 13:31:11,7074350
2011-08-21 20:51:49,7098150
2011-08-24 20:54:43,7121600
2011-08-28 07:55:15,7144600
2011-08-31 13:10:15,7167550
2011-09-03 18:59:19,7190700
2011-09-06 23:45:20,7213900
2011-09-10 09:25:05,7237600
2011-09-13 21:49:16,7260800
2011-09-17 08:44:43,7284450
2011-09-20 14:51:03,7307650
2011-09-23 20:37:30,7330750
2011-09-27 08:35:53,7354150
2011-09-30 18:57:11,7377000
2011-10-04 06:54:15,7400350
2011-10-07 22:08:30,7424150
2011-10-11 19:37:29,7447300
2011-10-15 15:50:44,7470450
2011-10-19 11:46:53,7493750
2011-10-23 12:39:16,7516750
2011-10-27 10:36:51,7539700
2011-10-31 12:56:15,7562650
2011-11-03 18:43:06,7585500
2011-11-07 01:04:08,7609150
2011-11-10 09:12:32,7633500
2011-11-13 20:41:26,7657200
2011-11-16 23:45:25,7680250
2011-11-20 12:26:24,7703150
2011-11-24 00:47:45,7727150
2011-11-27 21:05:36,7750200
2011-12-01 07:02:01,7774450
2011-12-04 11:41:09,7799800
2011-12-07 18:37:29,7824900
2011-12-10 20:36:44,7848450
2011-12-14 05:41:38,7871650
2011-12-17 19:20:14,7895400
2011-12-21 01:56:39,7919000
2011-12-24 09:22:57,7943200
2011-12-27 10:33:54,7968450
2011-12-30 19:30:57,7992200
2012-01-02 22:45:14,8016650
2012-01-06 03:04:12,8040650
2012-01-08 22:01:18,8064550
2012-01-12 02:30:29,8089450
2012-01-15 11:01:30,8114200
2012-01-18 16:40:39,8138950
2012-01-21 18:46:33,8162200
2012-01-25 03:36:22,8186950
2012-01-28 12:20:56,8210800
2012-01-31 12:12:56,8235050
2012-02-03 13:14:11,8258650
2012-02-06 17:14:35,8282050
2012-02-10 00:34:43,8305400
2012-02-13 04:44:48,8329100
2012-02-16 14:34:52,8352350
2012-02-19 15:33:55,8376100
2012-02-22 21:25:31,8399500
2012-02-25 21:09:16,8423200
2012-02-28 22:12:34,8447350
2012-03-03 01:29:18,8471250
2012-03-06 13:05:13,8494550
2012-03-09 16:08:28,8519100
2012-03-12 18:12:26,8543300
2012-03-16 06:47:47,8567350
2012-03-19 04:31:34,8591300
2012-03-22 09:37:49,8616350
2012-03-25 14:30:55,8641100
2012-03-28 19:22:57,8665650
2012-03-31 23:40:22,8690150
2012-04-04 14:16:12,8714450
2012-04-08 08:39:45,8738300
2012-04-11 16:37:56,8762800
2012-04-15 09:55:01,8786650
2012-04-18 22:24:29,8810150
2012-04-22 07:03:40,8835900
2012-04-25 19:39:31,8859900
2012-04-29 04:03:09,8884700
2012-05-01 22:30:19,8908650
2012-05-04 23:15:54,8932500
2012-05-07 20:30:09,8956550
2012-05-10 20:55:03,8980850
2012-05-14 09:53:22,9004600
2012-05-18 02:40:06,9028250
2012-05-21 09:20:51,9051350
2012-05-25 05:18:54,9074850
2012-05-28 13:00:25,9098450
2012-06-01 03:37:37,9122550
2012-06-04 05:11:42,9146900
2012-06-07 11:44:18,9170700
2012-06-10 13:31:53,9194600
2012-06-13 17:17:56,9218950
2012-06-16 20:52:19,9243350
2012-06-19 21:12:22,9268100
2012-06-23 08:46:33,9292250
2012-06-26 12:36:46,9316000
2012-06-29 18:41:35,9339700
2012-07-03 02:20:52,9363500
2012-07-06 07:11:56,9387550
2012-07-09 06:04:20,9411750
2012-07-12 12:54:09,9435650
2012-07-15 18:55:49,9460850
2012-07-18 21:27:48,9485400
2012-07-22 05:26:36,9509150
2012-07-25 10:01:08,9533750
2012-07-28 09:48:05,9558850
2012-07-31 17:15:23,9584700
2012-08-03 22:23:10,9609500
2012-08-07 05:32:22,9633650
2012-08-10 02:23:18,9657650
2012-08-13 06:00:22,9682700
2012-08-16 06:33:21,9707050
2012-08-19 14:15:41,9731600
2012-08-22 10:25:59,9756500
2012-08-25 13:10:48,9780650
2012-08-28 17:31:25,9805500
2012-08-31 23:35:38,9830750
2012-09-04 00:40:28,9855100
2012-09-07 00:31:55,9880400
2012-09-10 06:28:14,9905350
2012-09-13 15:22:26,9930050
2012-09-17 00:16:50,9956250
2012-09-20 06:32:43,9982000
2012-09-23 09:54:49,10007250
2012-09-26 17:28:11,10031800
2012-09-30 01:59:36,10058100
2012-10-03 16:28:07,10083950
2012-10-07 09:50:31,10109400
2012-10-10 18:43:56,10135150
2012-10-14 05:09:21,10159750
2012-10-17 13:46:47,10185150
2012-10-20 23:01:56,10210400
2012-10-24 06:31:52,10235250
2012-10-27 12:58:31,10261500
2012-10-30 18:44:32,10287050
2012-11-03 09:56:07,10312500
2012-11-06 22:10:47,10338850
2012-11-10 03:58:59,10363900
2012-11-13 17:26:32,10388850
2012-11-17 05:33:41,10413850
2012-11-20 18:16:49,10439450
2012-11-24 00:42:51,10464200
2012-11-27 07:06:16,10488900
2012-11-30 12:56:18,10507000
2012-12-03 21:53:43,10519700
2012-12-07 20:57:53,10532250
2012-12-11 12:32:23,10544500
2012-12-15 11:28:25,10556800
2012-12-19 05:26:57,10568500
2012-12-22 22:08:18,10580425
2012-12-26 15:38:39,10592575
2012-12-29 17:34:18,10604775
2013-01-01 16:56:53,10616825
2013-01-04 18:51:02,10628625
2013-01-07 22:07:57,10640550
2013-01-11 07:22:58,10652425
2013-01-14 22:40:25,10664225
2013-01-18 18:12:29,10676000
2013-01-22 07:09:13,10688100
2013-01-25 15:20:18,10699925
2013-01-28 21:31:18,10711875
2013-01-31 20:24:59,10724150
2013-02-03 19:26:34,10735975
2013-02-06 16:36:55,10748025
2013-02-09 22:52:21,10760000
2013-02-13 01:24:32,10772025
2013-02-15 21:12:47,10783675
2013-02-18 08:51:46,10795600
2013-02-21 04:30:35,10807375
2013-02-23 21:58:09,10819125
2013-02-26 17:11:28,10830925
2013-03-01 05:54:50,10842625
2013-03-04 06:24:29,10854250
2013-03-07 08:12:49,10866000
2013-03-10 02:34:56,10877500
2013-03-13 00:08:46,10889200
2013-03-15 18:07:53,10900875
2013-03-18 05:49:47,10912650
2013-03-20 17:31:46,10924300
2013-03-22 20:03:30,10936125
2013-03-25 03:38:48,10947700
2013-03-28 09:00:33,10959275
2013-03-30 23:05:53,10970825
2013-04-02 13:11:55,10982550
2013-04-05 07:25:41,10994075
2013-04-08 04:44:07,11005675
2013-04-10 19:30:21,11017275
2013-04-13 13:45:05,11028725
2013-04-16 07:42:46,11040300
2013-04-19 08:06:25,11051950
2013-04-22 06:12:13,11063450
2013-04-25 02:37:53,11075025
2013-04-27 21:12:02,11086525
2013-04-30 15:01:27,11098025
2013-05-03 20:59:35,11109575
2013-05-06 18:19:16,11121075
2013-05-09 12:39:11,11132675
2013-05-12 03:47:16,11144100
2013-05-14 23:57:10,11155825
2013-05-18 01:06:51,11167250
2013-05-21 05:13:22,11178775
2013-05-24 01:50:56,11190250
2013-05-26 20:34:08,11201775
2013-05-29 14:40:21,11213375
2013-06-01 05:09:31,11224900
2013-06-03 11:10:18,11236675
2013-06-05 17:45:11,11248275
2013-06-08 11:17:11,11259800
2013-06-11 05:07:16,11271600
2013-06-13 14:59:52,11283225
2013-06-16 04:49:22,11294775
2013-06-19 04:43:19,11306250
2013-06-22 04:17:52,11317650
2013-06-24 23:31:29,11329150
2013-06-27 17:16:54,11340550
2013-06-30 11:27:58,11352025
2013-07-03 10:04:48,11363575
2013-07-06 00:18:46,11375150
2013-07-08 11:04:04,11386700
2013-07-10 21:52:18,11398175
2013-07-13 17:10:25,11409750
2013-07-16 11:09:45,11421200
2013-07-19 05:30:39,11432950
2013-07-21 17:57:44,11444675
2013-07-24 16:51:56,11456225
2013-07-27 13:48:14,11467925
2013-07-30 06:24:48,11479550
2013-08-01 16:10:58,11491175
2013-08-04 05:31:59,11502625
2013-08-06 17:35:55,11514325
2013-08-09 01:49:58,11525875
2013-08-11 08:10:11,11537450
2013-08-13 14:55:34,11549250
2013-08-16 11:35:35,11561225
2013-08-18 22:51:58,11572750
2013-08-21 10:25:09,11584575
2013-08-23 16:55:30,11596250
2013-08-26 12:34:04,11607975
2013-08-29 04:41:54,11619425
2013-08-31 12:23:14,11631050
2013-09-02 12:23:40,11642575
2013-09-05 01:22:41,11654175
2013-09-07 18:35:59,11665975
2013-09-10 09:05:34,11677625
2013-09-12 17:11:29,11689150
2013-09-14 22:34:53,11700975
2013-09-17 14:21:47,11712600
2013-09-20 06:08:01,11724225
2013-09-22 15:48:02,11735950
2013-09-24 21:32:16,11747775
2013-09-27 08:45:43,11759625
2013-09-30 04:42:48,11771400
2013-10-02 21:39:14,11783675
2013-10-05 08:35:23,11795575
2013-10-07 22:13:08,11807175
2013-10-10 13:24:35,11819025
2013-10-13 01:22:01,11831225
2013-10-15 01:32:06,11843225
2013-10-17 04:19:28,11855225
2013-10-19 17:07:10,11867300
2013-10-21 23:47:20,11879050
2013-10-24 02:02:48,11891150
2013-10-26 04:30:37,11902975
2013-10-28 20:36:40,11914775
2013-10-31 10:40:07,11926775
2013-11-02 17:46:44,11938450
2013-11-05 04:21:14,11950250
2013-11-08 02:37:32,11961975
2013-11-11 04:42:48,11973600
2013-11-13 15:44:27,11985650
2013-11-16 09:40:17,11997825
2013-11-19 06:28:53,12009900
2013-11-22 05:28:35,12021650
2013-11-25 00:39:56,12033550
2013-11-27 22:57:03,12045800
2013-11-30 16:25:23,12057725
2013-12-03 07:44:16,12069800
2013-12-06 02:08:01,12081975
2013-12-08 14:37:12,12094225
2013-12-11 02:27:55,12106225
2013-12-13 23:38:52,12118225
2013-12-16 14:00:50,12130650
2013-12-19 00:24:42,12142925
2013-12-21 10:12:06,12154850
2013-12-24 07:09:00,12166825
2013-12-27 02:25:52,12178700
2013-12-29 23:31:16,12190725
2014-01-01 15:15:48,12203050
2014-01-04 16:27:24,12214925
2014-01-07 08:36:01,12227000
2014-01-09 21:45:58,12239125
2014-01-12 08:32:13,12251350
2014-01-15 01:15:25,12263250
2014-01-17 18:13:05,12275175
2014-01-20 13:35:11,12287275
2014-01-23 04:31:33,12299500
2014-01-26 01:32:54,12312000
2014-01-29 05:02:28,12324650
2014-02-01 00:24:44,12336600
2014-02-03 13:06:18,12348650
2014-02-06 12:08:43,12361125
2014-02-09 10:00:13,12373425
2014-02-12 11:37:51,12385525
2014-02-15 05:45:17,12398000
2014-02-17 23:51:08,12410625
2014-02-20 19:51:50,12423250
2014-02-23 20:20:36,12435900
2014-02-26 16:09:59,12448625
2014-03-01 14:52:13,12461350
2014-03-05 00:38:15,12473875
2014-03-08 02:09:44,12486625
2014-03-11 04:32:29,12499300
2014-03-14 05:29:29,12512100
2014-03-17 07:53:43,12524475
2014-03-20 09:41:01,12536675
2014-03-23 04:37:30,12549350
2014-03-25 22:45:41,12561825
2014-03-28 22:27:10,12574400
2014-03-31 23:33:12,12586950
2014-04-03 14:18:30,12599400
2014-04-06 09:30:27,12611850
2014-04-09 19:15:26,12624550
2014-04-12 20:44:35,12636975
2014-04-15 12:54:48,12649675
2014-04-18 16:33:21,12662550
2014-04-21 17:55:00,12675525
2014-04-24 23:37:02,12688250
2014-04-27 23:31:44,12701200
2014-05-01 06:19:51,12713825
2014-05-04 11:36:30,12726625
2014-05-07 15:59:07,12739175
2014-05-10 17:16:01,12751925
2014-05-13 17:34:48,12764375
2014-05-16 17:03:31,12776650
2014-05-19 17:34:31,12789625
2014-05-22 16:02:08,12802575
2014-05-25 18:40:49,12814850
2014-05-28 21:24:31,12827150
2014-06-01 01:44:04,12839075
2014-06-03 17:33:57,12851325
2014-06-06 20:00:10,12863550
2014-06-10 02:17:21,12875800
2014-06-13 04:04:30,12888325
2014-06-15 23:35:19,12900825
2014-06-18 17:47:23,12913200
2014-06-21 15:09:34,12925775
2014-06-24 08:36:11,12938275
2014-06-27 02:03:48,12950600
2014-06-29 19:20:30,12962900
2014-07-03 09:29:31,12974975
2014-07-06 14:00:20,12987125
2014-07-09 19:18:08,12999500
2014-07-13 01:47:48,13012000
2014-07-16 07:13:38,13024275
2014-07-19 07:17:52,13036575
2014-07-22 10:47:52,13048925
2014-07-25 15:59:51,13060975
2014-07-29 00:36:59,13073300
2014-08-01 07:27:50,13086200
2014-08-04 13:29:16,13098800
2014-08-07 20:18:03,13110925
2014-08-10 19:29:01,13123500
2014-08-13 15:27:26,13135975
2014-08-16 13:39:56,13148075
2014-08-19 09:53:52,13160950
2014-08-22 07:49:49,13173250
2014-08-25 15:30:30,13185625
2014-08-28 12:48:30,13197900
2014-08-31 09:19:03,13210250
2014-09-03 13:16:42,13222625
2014-09-06 17:10:26,13235375
2014-09-10 00:22:52,13247800
2014-09-13 01:54:53,13260150
2014-09-16 03:04:48,13272650
2014-09-18 20:50:12,13285050
2014-09-21 18:15:02,13297450
2014-09-24 23:16:09,13310000
2014-09-28 06:13:10,13322175
2014-10-01 14:35:29,13334250
2014-10-04 23:36:25,13346550
2014-10-08 02:45:36,13358575
2014-10-11 07:54:10,13370625
2014-10-14 18:36:11,13383075
2014-10-18 01:41:50,13395125
2014-10-21 12:59:00,13407350
2014-10-24 13:41:26,13419450
2014-10-27 20:42:29,13431525
2014-10-31 00:52:04,13443750
2014-11-02 21:32:23,13455825
2014-11-06 02:03:32,13468225
2014-11-09 08:53:13,13480425
2014-11-12 15:19:18,13492300
2014-11-15 21:00:33,13504300
2014-11-19 03:29:48,13516425
2014-11-22 14:20:25,13528275
2014-11-26 00:17:22,13540425
2014-11-29 09:35:33,13552500
2014-12-02 16:26:13,13564775
2014-12-06 02:51:20,13576900
2014-12-09 15:59:41,13589175
2014-12-13 00:10:41,13601375
2014-12-16 13:03:55,13613950
2014-12-20 05:08:53,13626200
2014-12-23 17:00:04,13638650
2014-12-26 18:59:12,13650600
2014-12-29 18:45:52,13662900
2015-01-01 22:26:22,13675300
2015-01-04 23:00:23,13687725
2015-01-08 05:06:58,13699900
2015-01-11 12:52:02,13712175
2015-01-14 22:37:31,13724375
2015-01-18 10:23:29,13736575
2015-01-21 20:56:22,13748700
2015-01-25 15:17:14,13760850
2015-01-29 02:29:52,13773300
2015-02-01 07:45:05,13785950
2015-02-04 13:09:27,13798175
2015-02-07 15:36:16,13810650
2015-02-10 23:53:19,13822925
2015-02-14 06:57:12,13834825
2015-02-17 12:06:02,13846850
2015-02-20 11:51:28,13859175
2015-02-23 19:55:08,13871225
2015-02-27 02:43:24,13883400
2015-03-02 11:47:05,13895650
2015-03-05 21:30:54,13908025
2015-03-09 03:05:37,13920100
2015-03-12 12:49:33,13932550
2015-03-15 21:43:28,13944375
2015-03-19 08:35:56,13956475
2015-03-22 19:55:24,13968375
2015-03-25 18:19:15,13980400
2015-03-28 20:00:57,13992450
2015-04-01 03:16:42,14004475
2015-04-04 09:57:38,14016700
2015-04-07 18:50:11,14029000
2015-04-11 09:25:42,14041175
2015-04-14 16:39:55,14053175
2015-04-18 08:33:03,14065050
2015-04-21 13:34:39,14077325
2015-04-25 02:06:16,14089375
2015-04-28 09:00:12,14101400
2015-05-01 18:48:52,14113300
2015-05-05 06:54:11,14125500
2015-05-08 10:16:39,14137550
2015-05-11 22:48:19,14149675
2015-05-15 01:49:20,14162000
2015-05-18 09:09:32,14174150
2015-05-21 17:34:55,14186175
2015-05-25 04:47:46,14198150
2015-05-28 16:44:51,14210075
2015-06-01 00:18:32,14222100
2015-06-04 07:35:04,14233850
2015-06-07 12:21:38,14246150
2015-06-10 16:20:08,14258200
2015-06-13 23:16:21,14270425
2015-06-17 11:37:58,14282650
2015-06-20 16:36:31,14294725
2015-06-24 03:39:29,14306850
2015-06-27 08:00:22,14318875
2015-06-30 19:22:07,14330875
2015-07-03 23:54:27,14342825
2015-07-07 01:12:33,14354875
2015-07-10 09:18:30,14366775
2015-07-13 16:00:34,14378750
2015-07-16 22:29:48,14390525
2015-07-20 02:31:57,14402425
2015-07-23 10:41:14,14414575
2015-07-26 17:02:01,14426925
2015-07-29 23:54:00,14439025
2015-08-02 05:24:35,14451075
2015-08-05 16:30:07,14463150
2015-08-08 20:15:40,14475025
2015-08-11 21:29:25,14486975
2015-08-15 08:13:08,14498850
2015-08-18 18:10:17,14510900
2015-08-21 21:05:13,14522900
2015-08-25 02:13:14,14534900
2015-08-28 10:43:44,14547100
2015-08-31 13:17:28,14559450
2015-09-03 18:04:30,14571525
2015-09-06 23:45:18,14583675
2015-09-10 05:39:05,14595550
2015-09-13 11:35:01,14607775
2015-09-16 10:36:03,14619650
2015-09-19 23:17:32,14631675
2015-09-23 08:59:28,14643700
2015-09-26 12:22:14,14655925
2015-09-29 18:17:42,14668075
2015-10-03 01:02:31,14680025
2015-10-06 05:56:34,14692000
2015-10-09 18:10:47,14704025
2015-10-13 00:36:29,14716025
2015-10-16 03:44:09,14727975
2015-10-19 11:15:14,14739850
2015-10-22 21:34:46,14752225
2015-10-26 04:57:19,14764425
2015-10-29 11:22:04,14776450
2015-11-01 10:21:31,14788225
2015-11-04 14:31:43,14800425
2015-11-07 18:07:18,14812225
2015-11-11 01:06:46,14824125
2015-11-13 22:48:59,14835925
2015-11-16 23:58:33,14848075
2015-11-20 08:25:09,14860400
2015-11-23 01:28:09,14872100
2015-11-26 01:46:24,14883850
2015-11-29 03:35:38,14895625
2015-12-02 03:35:19,14907500
2015-12-05 06:02:15,14919400
2015-12-08 05:02:56,14931350
2015-12-10 20:03:05,14943300
2015-12-13 16:10:54,14954975
2015-12-16 06:15:55,14966775
2015-12-19 05:45:24,14978475
2015-12-22 06:20:44,14990300
2015-12-25 10:48:17,15002175
2015-12-28 00:35:50,15014025
2015-12-30 23:44:21,15025900
2016-01-03 08:10:36,15037575
2016-01-06 06:51:53,15049275
2016-01-09 07:16:38,15061125
2016-01-12 02:26:58,15072750
2016-01-15 07:01:43,15084325
2016-01-18 07:57:41,15095775
2016-01-21 13:02:03,15107300
2016-01-24 07:59:16,15118925
2016-01-27 03:00:00,15130575
2016-01-30 01:48:29,15142225
2016-02-01 16:19:33,15153950
2016-02-04 08:39:06,15165875
2016-02-06 22:32:11,15177500
2016-02-09 16:55:22,15189200
2016-02-12 07:27:15,15200800
2016-02-15 05:39:50,15212525
2016-02-18 06:41:19,15223975
2016-02-21 09:46:15,15235675
2016-02-24 23:28:21,15247200
2016-02-28 03:13:36,15258725
2016-03-02 11:23:35,15270325
2016-03-05 12:23:36,15281800
2016-03-08 16:10:19,15293200
2016-03-11 13:40:51,15304725
2016-03-14 17:51:44,15316150
2016-03-17 18:15:44,15327675
2016-03-21 00:44:46,15339150
2016-03-24 04:01:40,15350625
2016-03-27 07:22:09,15362125
2016-03-30 06:00:25,15373550
2016-04-02 12:28:20,15385175
2016-04-05 13:14:43,15396725
2016-04-08 16:29:03,15408175
2016-04-11 12:55:19,15419675
2016-04-14 10:33:19,15431125
2016-04-17 12:59:14,15442625
2016-04-20 17:08:52,15454100
2016-04-23 17:48:56,15465600
2016-04-27 02:54:48,15477100
2016-04-30 10:00:44,15488625
2016-05-03 08:39:30,15500150
2016-05-06 07:02:25,15511700
2016-05-09 03:12:07,15523175
2016-05-12 03:41:44,15534575
2016-05-15 07:37:49,15546150
2016-05-18 13:14:32,15557650
2016-05-21 21:47:23,15569125
2016-05-24 12:01:07,15580600
2016-05-27 21:01:19,15592100
2016-05-31 01:58:55,15603575
2016-06-03 10:48:39,15615100
2016-06-06 12:22:26,15626550
2016-06-09 13:57:54,15637975
2016-06-12 14:32:14,15649475
2016-06-15 18:52:50,15660925
2016-06-18 18:30:41,15672350
2016-06-21 12:26:47,15683900
2016-06-24 22:52:01,15695400
2016-06-27 23:13:02,15706775
2016-07-01 01:35:11,15718500
2016-07-04 03:22:00,15730050
2016-07-07 09:11:31,15741625
2016-07-10 12:28:27,15751575
2016-07-13 17:48:45,15757300
2016-07-16 22:08:45,15763037.5
2016-07-20 02:49:16,15768750
2016-07-23 13:25:08,15774475
2016-07-27 02:31:34,15780200
2016-07-30 12:22:23,15785962.5
2016-08-02 14:30:46,15791675
2016-08-05 11:00:13,15797375
2016-08-08 11:01:09,15803075
2016-08-11 14:49:33,15808787.5
2016-08-14 11:01:59,15814500
2016-08-17 17:42:08,15820200
2016-08-20 18:54:43,15825950
2016-08-23 16:36:01,15831700
2016-08-27 00:33:36,15837487.5
2016-08-30 02:25:26,15843225
2016-09-02 06:30:01,15848950
2016-09-05 07:21:34,15854687.5
2016-09-08 11:55:00,15860412.5
2016-09-11 14:03:29,15866162.5
2016-09-14 09:32:00,15871925
2016-09-17 07:44:03,15877650
2016-09-20 12:10:11,15883337.5
2016-09-23 14:04:07,15889062.5
2016-09-26 07:26:40,15894812.5
2016-09-29 07:41:46,15900512.5
2016-10-02 07:17:54,15906225
2016-10-05 07:34:27,15911925
2016-10-08 07:17:45,15917650
2016-10-11 08:05:00,15923362.5
2016-10-14 18:02:39,15929137.5
2016-10-18 04:40:16,15934837.5
2016-10-21 12:45:19,15940525
2016-10-24 11:34:49,15946225
2016-10-27 17:40:28,15951925
2016-10-30 15:48:23,15957637.5
2016-11-02 19:01:25,15963362.5
2016-11-06 01:00:39,15969050
2016-11-08 23:14:10,15974762.5
2016-11-11 20:35:37,15980475
2016-11-14 16:54:00,15986200
2016-11-17 10:20:43,15991900
2016-11-20 16:29:00,15997600
2016-11-23 23:22:49,16003337.5
2016-11-26 22:01:30,16009075
2016-11-29 22:39:44,16014775
2016-12-03 02:47:15,16020487.5
2016-12-05 23:24:31,16026212.5
2016-12-08 20:30:09,16031975
2016-12-11 22:55:17,16037712.5
2016-12-14 17:23:50,16043412.5
2016-12-18 03:31:55,16049125
2016-12-21 07:19:57,16054875
2016-12-24 08:45:38,16060625
2016-12-27 10:02:59,16066362.5
2016-12-30 08:47:39,16072150
2017-01-02 08:51:38,16077862.5
2017-01-05 03:47:54,16083575
2017-01-08 07:20:26,16089275
2017-01-11 05:43:07,16094987.5
2017-01-14 03:45:46,16100725
2017-01-16 20:27:39,16106487.5
2017-01-19 16:39:06,16112225
2017-01-22 07:12:01,16117987.5
2017-01-25 06:39:45,16123675
2017-01-28 02:14:14,16129362.5
2017-01-31 03:00:52,16135100
2017-02-02 20:07:36,16140887.5
2017-02-05 22:27:20,16146587.5
2017-02-09 02:30:45,16152287.5
2017-02-12 03:54:02,16158025
2017-02-15 02:08:19,16163775
2017-02-18 04:23:18,16169487.5
2017-02-21 09:06:56,16175237.5
2017-02-24 12:21:54,16180962.5
2017-02-27 06:11:57,16186750
2017-03-02 06:20:45,16192450
2017-03-05 10:43:40,16198150
2017-03-08 14:07:03,16203912.5
2017-03-11 16:34:09,16209600
2017-03-14 16:28:39,16215362.5
2017-03-17 17:18:57,16221112.5
2017-03-20 17:04:15,16226825
2017-03-23 20:40:41,16232550
2017-03-26 18:02:31,16238262.5
2017-03-29 22:03:02,16243975
2017-04-02 01:55:28,16249762.5
2017-04-05 03:12:17,16255525
2017-04-08 02:30:08,16261325
2017-04-11 04:11:38,16267075
2017-04-14 09:11:31,16272787.5
2017-04-17 12:26:33,16278537.5
2017-04-20 18:53:25,16284312.5
2017-04-23 19:54:47,16290062.5
2017-04-27 00:06:45,16295825
2017-04-30 00:22:55,16301537.5
2017-05-03 00:31:33,16307262.5
2017-05-06 04:05:47,16312987.5
2017-05-08 20:44:52,16318712.5
2017-05-11 23:36:01,16324450
2017-05-14 19:55:23,16330200
2017-05-17 20:23:15,16335962.5
2017-05-20 19:48:08,16341662.5
2017-05-23 18:48:18,16347412.5
2017-05-26 16:59:16,16353150
2017-05-29 15:08:17,16358862.5
2017-06-01 05:44:48,16364600
2017-06-03 22:43:04,16370312.5
2017-06-06 18:43:26,16376050
2017-06-09 17:15:34,16381737.5
2017-06-12 19:43:55,16387487.5
2017-06-15 23:59:32,16393187.5
2017-06-19 03:48:10,16398900
2017-06-22 10:28:44,16404675
2017-06-25 11:14:42,16410375
2017-06-28 19:44:14,16416087.5
2017-07-01 22:55:49,16421850
2017-07-04 15:05:31,16427550
2017-07-07 17:03:38,16433262.5
2017-07-10 12:46:25,16439025
2017-07-13 03:36:36,16444737.5
2017-07-16 06:57:45,16450450
2017-07-19 06:25:32,16456162.5
2017-07-22 04:04:08,16461862.5
2017-07-24 19:50:26,16467600
2017-07-27 22:36:16,16473362.5
2017-07-30 22:37:11,16479087.5
2017-08-03 01:34:47,16484800
2017-08-05 19:26:19,16490525
2017-08-08 17:10:14,16496237.5
2017-08-12 02:20:27,16502012.5
2017-08-15 09:22:43,16507750
2017-08-18 09:44:59,16513512.5
2017-08-21 19:04:19,16519225
2017-08-25 18:46:08,16524937.5
2017-08-29 07:50:48,16530625
2017-09-01 02:34:13,16536337.5
2017-09-03 21:43:04,16542062.5
2017-09-06 10:42:15,16547787.5
2017-09-09 02:26:35,16553550
2017-09-11 23:51:30,16559262.5
2017-09-14 10:18:54,16565000
2017-09-17 02:06:01,16570737.5
2017-09-20 03:08:52,16576450
2017-09-23 06:13:17,16582137.5
2017-09-26 09:28:30,16587862.5
2017-09-29 08:44:44,16593562.5
2017-10-02 12:24:25,16599250
2017-10-05 12:33:29,16605025
2017-10-08 09:54:53,16610737.5
2017-10-11 06:49:32,16616475
2017-10-14 10:19:58,16622175
2017-10-17 02:36:34,16627900
2017-10-19 22:02:01,16633625
2017-10-22 14:12:10,16639325
2017-10-25 06:13:56,16645025
2017-10-28 07:10:14,16650750
2017-10-31 15:59:53,16656450
2017-11-03 22:58:02,16662162.5
2017-11-07 08:59:43,16667900
2017-11-10 10:13:12,16673612.5
2017-11-14 16:15:17,16679325
2017-11-17 16:18:06,16685025
2017-11-20 15:55:46,16690762.5
2017-11-23 12:27:24,16696500
2017-11-26 11:09:19,16702225
2017-11-29 06:49:41,16707937.5
2017-12-01 22:54:25,16713662.5
2017-12-04 14:26:55,16719387.5
2017-12-07 02:42:54,16725125
2017-12-09 23:36:58,16730825
2017-12-12 18:10:01,16736562.5
2017-12-15 07:19:58,16742312.5
2017-12-17 21:26:51,16748025
2017-12-20 18:59:22,16753725
2017-12-24 01:16:05,16759450
2017-12-27 05:41:28,16765162.5
2017-12-30 04:17:18,16770875
2018-01-02 02:17:50,16776587.5
2018-01-04 20:51:47,16782325
2018-01-07 18:03:02,16788012.5
2018-01-10 12:35:39,16793750
2018-01-13 01:34:50,16799450
2018-01-16 01:36:03,16805137.5
2018-01-18 18:57:34,16810887.5
2018-01-21 11:10:22,16816612.5
2018-01-24 01:49:00,16822312.5
2018-01-26 20:08:53,16828012.5
2018-01-29 20:15:08,16833725
2018-02-01 22:30:54,16839475
2018-02-04 17:04:51,16845175
2018-02-07 09:10:37,16850887.5
2018-02-10 18:31:42,16856600
2018-02-13 12:31:08,16862325
2018-02-16 12:16:21,16868025
2018-02-19 07:27:56,16873737.5
2018-02-22 05:57:05,16879462.5
2018-02-25 07:30:46,16885162.5
2018-02-28 04:44:29,16890887.5
2018-03-03 02:58:54,16896625
2018-03-06 00:38:05,16902325
2018-03-08 21:56:23,16908037.5
2018-03-12 01:24:27,16913775
2018-03-14 23:53:32,16919500
2018-03-18 01:13:07,16925187.5
2018-03-21 03:55:17,16930912.5
2018-03-24 09:32:51,16936625
2018-03-27 12:49:11,16942350
2018-03-30 13:13:52,16948075
2018-04-02 15:04:32,16953775
2018-04-05 15:12:17,16959500
2018-04-08 11:12:52,16965225
2018-04-11 08:25:45,16970937.5
2018-04-14 05:50:22,16976637.5
2018-04-17 07:06:14,16982337.5
2018-04-20 01:04:12,16988037.5
2018-04-23 01:46:46,16993775
2018-04-26 04:42:43,16999475
2018-04-29 10:21:10,17005200
2018-05-02 09:45:41,17010912.5
2018-05-05 13:59:24,17016625
2018-05-08 17:39:37,17022350
2018-05-11 22:01:45,17028100
2018-05-14 23:06:19,17033825
2018-05-17 23:25:34,17039562.5
2018-05-21 00:56:16,17045262.5
2018-05-23 23:36:12,17050975
2018-05-26 20:39:15,17056675
2018-05-29 17:47:25,17062400
2018-06-01 13:11:54,17068112.5
2018-06-04 08:37:20,17073825
2018-06-07 01:50:54,17079525
2018-06-10 06:04:59,17085237.5
2018-06-13 12:20:52,17090950
2018-06-16 12:56:07,17096687.5
2018-06-19 09:14:58,17102400
2018-06-22 06:21:00,17108100
2018-06-25 02:31:40,17113875
2018-06-28 06:25:24,17119575
2018-07-01 09:14:47,17125312.5
2018-07-04 19:03:50,17131037.5
2018-07-07 21:32:59,17136762.5
2018-07-10 23:53:27,17142500
2018-07-14 08:12:31,17148237.5
2018-07-17 16:34:23,17153950
2018-07-20 09:08:43,17159687.5
2018-07-23 07:38:52,17165412.5
2018-07-26 00:33:00,17171112.5
2018-07-28 21:53:08,17176862.5
2018-07-31 22:30:23,17182562.5
2018-08-03 20:01:38,17188262.5
2018-08-06 17:59:17,17193962.5
2018-08-09 18:58:47,17199675
2018-08-12 12:19:19,17205387.5
2018-08-15 13:35:20,17211087.5
2018-08-18 11:54:05,17216787.5
2018-08-21 12:34:48,17222525
2018-08-24 14:54:35,17228250
2018-08-27 13:04:40,17233975
2018-08-30 09:03:11,17239675
2018-09-02 10:09:57,17245362.5
2018-09-05 19:33:40,17251050
2018-09-08 19:09:15,17256750
2018-09-11 23:20:18,17262462.5
2018-09-15 00:21:33,17268175
2018-09-18 08:15:54,17273875
2018-09-21 10:03:42,17279612.5
2018-09-24 10:30:25,17285325
2018-09-27 11:26:08,17291075
2018-09-30 11:02:12,17296775
2018-10-03 10:00:01,17302487.5
2018-10-06 19:21:59,17308200
2018-10-10 03:59:54,17313925
2018-10-13 07:30:59,17319637.5
2018-10-16 16:00:06,17325350
2018-10-19 22:55:58,17331075
2018-10-23 01:18:32,17336775
2018-10-26 11:34:06,17342475
2018-10-29 17:12:02,17348175
2018-11-01 14:31:48,17353875
2018-11-04 20:47:28,17359600
2018-11-08 06:23:11,17365312.5
2018-11-11 17:39:51,17371025
2018-11-15 05:03:08,17376737.5
2018-11-18 14:39:26,17382450
2018-11-22 10:24:54,17388150
2018-11-25 23:36:26,17393875
2018-11-29 21:38:44,17399562.5
2018-12-03 20:44:25,17405275
2018-12-07 09:33:39,17410987.5
2018-12-11 01:36:31,17416700
2018-12-14 14:49:43,17422425
2018-12-17 21:45:53,17428125
2018-12-21 02:57:18,17433812.5
2018-12-23 22:58:44,17439525
2018-12-26 20:31:17,17445250
2018-12-29 14:56:17,17450950
2019-01-01 14:44:27,17456675
2019-01-04 15:18:53,17462425
2019-01-07 15:42:40,17468175
2019-01-10 12:42:04,17473962.5
2019-01-13 17:02:57,17479662.5
2019-01-17 00:12:55,17485375
2019-01-20 08:39:31,17491100
2019-01-23 11:14:04,17496812.5
2019-01-26 16:20:31,17502550
2019-01-29 19:57:43,17508287.5
2019-02-01 21:37:32,17513975
2019-02-05 01:46:40,17519700
2019-02-07 21:03:51,17525400
2019-02-10 21:08:00,17531112.5
2019-02-14 02:55:49,17536837.5
2019-02-17 07:07:48,17542562.5
2019-02-20 07:51:33,17548275
2019-02-23 13:39:19,17553987.5
2019-02-26 18:45:51,17559700
2019-03-01 18:34:26,17565400
2019-03-05 00:32:18,17571112.5
2019-03-08 05:57:50,17576850
2019-03-11 13:08:26,17582562.5
2019-03-14 18:53:13,17588262.5
2019-03-17 16:19:40,17594012.5
2019-03-20 13:22:28,17599775
2019-03-23 12:21:10,17605475
2019-03-26 14:20:03,17611200
2019-03-29 19:03:02,17616925
2019-04-02 03:01:23,17622612.5
2019-04-05 04:59:09,17628362.5
2019-04-08 10:12:05,17634075
2019-04-11 12:37:40,17639762.5
2019-04-14 17:26:19,17645450
2019-04-18 00:01:38,17651175
2019-04-21 02:50:59,17656912.5
2019-04-24 10:41:06,17662637.5
2019-04-27 12:11:30,17668350
2019-04-30 12:57:43,17674087.5
2019-05-03 05:27:40,17679825
2019-05-06 11:32:23,17685537.5
2019-05-09 18:52:32,17691250
2019-05-13 00:14:07,17697000
2019-05-15 22:49:55,17702725
2019-05-18 23:41:55,17708425
2019-05-21 20:00:01,17714112.5
2019-05-24 17:05:04,17719812.5
2019-05-27 14:59:29,17725537.5
2019-05-30 08:00:39,17731275
2019-06-02 17:05:18,17736975
2019-06-05 20:27:10,17742675
2019-06-09 00:02:28,17748412.5
2019-06-12 02:17:43,17754125
2019-06-15 02:36:45,17759825
2019-06-18 10:01:41,17765525
2019-06-21 07:03:41,17771212.5
2019-06-24 04:58:37,17776912.5
2019-06-27 00:39:27,17782625
2019-06-29 21:13:42,17788337.5
2019-07-02 22:48:04,17794025
2019-07-05 12:53:24,17799725
2019-07-08 04:44:50,17805437.5
2019-07-11 07:11:03,17811162.5
2019-07-14 08:31:27,17816875
2019-07-17 11:12:22,17822587.5
2019-07-20 19:50:17,17828287.5
2019-07-23 21:05:45,17834000
2019-07-26 20:06:20,17839700
2019-07-29 15:06:17,17845400
2019-08-01 14:13:43,17851112.5
2019-08-04 08:11:55,17856837.5
2019-08-07 06:15:16,17862562.5
2019-08-10 11:18:48,17868287.5
2019-08-13 10:53:53,17874012.5
2019-08-16 11:56:56,17879750
2019-08-19 18:55:14,17885487.5
2019-08-22 23:25:29,17891200
2019-08-25 21:55:09,17896912.5
2019-08-29 02:39:35,17902625
2019-08-31 22:30:48,17908350
2019-09-03 22:10:47,17914087.5
2019-09-06 20:50:18,17919787.5
2019-09-09 18:43:51,17925500
2019-09-12 09:16:47,17931212.5
2019-09-15 10:10:20,17936912.5
2019-09-18 07:33:29,17942625
2019-09-21 04:58:45,17948337.5
2019-09-24 08:05:27,17954062.5
2019-09-27 02:52:24,17959800
2019-09-30 09:31:10,17965525
2019-10-03 15:29:30,17971237.5
2019-10-06 15:31:22,17976937.5
2019-10-09 15:19:26,17982662.5
2019-10-12 15:45:07,17988387.5
2019-10-15 20:58:43,17994125
2019-10-18 21:56:38,17999862.5
2019-10-22 00:19:05,18005587.5
2019-10-24 21:21:31,18011300
2019-10-28 10:07:47,18016987.5
2019-10-31 17:26:11,18022687.5
2019-11-04 06:26:42,18028412.5
2019-11-07 13:38:50,18034125
2019-11-10 20:08:58,18039825
2019-11-13 22:45:04,18045512.5
2019-11-16 20:02:51,18051225
2019-11-19 22:02:36,18056937.5
2019-11-23 03:51:35,18062662.5
2019-11-26 13:56:45,18068375
2019-11-29 19:36:25,18074100
2019-12-03 02:03:51,18079825
2019-12-05 23:51:29,18085525
2019-12-09 01:07:02,18091237.5
2019-12-12 05:27:41,18096925
2019-12-15 11:25:05,18102637.5
2019-12-18 16:49:17,18108350
2019-12-21 13:04:45,18114062.5
2019-12-24 14:14:26,18119762.5
2019-12-27 19:00:41,18125512.5
2019-12-30 15:26:35,18131200
2020-01-02 14:01:27,18136912.5
2020-01-05 10:30:14,18142637.5
2020-01-08 07:06:25,18148350
2020-01-11 08:48:01,18154075
2020-01-14 09:58:18,18159775
2020-01-17 06:36:32,18165462.5
2020-01-20 13:12:40,18171187.5
2020-01-24 04:00:20,18178250
2020-01-27 03:42:36,18183962.5
2020-01-30 05:45:53,18189662.5
2020-02-02 08:15:16,18195362.5
2020-02-05 12:08:27,18201062.5
2020-02-08 17:45:53,18206787.5
2020-02-12 00:10:04,18212512.5
2020-02-15 07:11:55,18218212.5
2020-02-18 09:14:55,18223937.5
2020-02-21 13:31:30,18229637.5
2020-02-24 19:29:36,18235325
2020-02-27 23:07:45,18241037.5
2020-03-01 20:46:19,18246725
2020-03-04 19:59:54,18252450
2020-03-07 15:36:27,18258162.5
2020-03-10 17:14:59,18263862.5
2020-03-14 04:30:00,18269600
2020-03-17 23:30:26,18275300
2020-03-22 02:00:08,18281000
2020-03-26 01:26:32,18286700
2020-03-29 02:10:08,18292425
2020-04-01 01:39:39,18298137.5
2020-04-04 06:34:17,18303837.5
2020-04-07 04:05:14,18309537.5
2020-04-10 02:18:09,18315237.5
2020-04-12 23:48:50,18320937.5
2020-04-15 18:00:24,18326637.5
2020-04-18 17:47:04,18332337.5
2020-04-21 17:33:29,18338062.5
2020-04-24 23:36:20,18343762.5
2020-04-28 07:23:18,18349475
2020-05-01 13:37:18,18355225
2020-05-04 10:13:13,18360962.5
2020-05-07 11:42:59,18366700
2020-05-10 14:04:29,18372400
2020-05-13 16:06:53,18376568.75
2020-05-17 13:02:55,18379412.5
2020-05-21 08:58:59,18382281.25
2020-05-25 05:43:24,18385125
2020-05-28 19:32:05,18387993.75
2020-05-31 22:01:15,18390843.75
2020-06-04 06:22:06,18393693.75
2020-06-06 21:34:22,18396562.5
2020-06-09 17:45:50,18399418.75
2020-06-12 11:05:01,18402262.5
2020-06-15 05:20:53,18405125
2020-06-18 11:07:58,18407987.5
2020-06-21 18:26:06,18410837.5
2020-06-24 20:33:15,18413693.75
2020-06-27 23:49:30,18416550
2020-07-01 02:05:23,18419393.75
2020-07-03 22:07:46,18422256.25
2020-07-06 18:48:47,18425100
2020-07-09 15:23:19,18427975
2020-07-12 15:54:18,18430825
2020-07-15 16:10:47,18433675
2020-07-19 08:02:07,18436531.25
2020-07-22 14:55:23,18439375
2020-07-25 17:13:10,18442225
2020-07-28 18:36:13,18445081.25
2020-07-31 22:39:07,18447925
2020-08-04 00:34:39,18450768.75
2020-08-07 03:53:08,18453618.75
2020-08-10 05:46:59,18456462.5
2020-08-13 05:20:07,18459306.25
2020-08-16 03:03:44,18462162.5
2020-08-19 14:33:17,18465018.75
2020-08-22 15:23:25,18467862.5
2020-08-25 18:05:44,18470725
2020-08-28 23:05:21,18473581.25
2020-09-01 04:40:19,18476431.25
2020-09-04 09:33:45,18479281.25
2020-09-07 13:29:15,18482150
2020-09-10 11:15:53,18484993.75
2020-09-13 06:38:21,18487850
2020-09-16 02:41:21,18490700
2020-09-18 20:46:18,18493543.75
2020-09-21 23:07:54,18496387.5
2020-09-25 06:20:12,18499250
2020-09-28 06:13:31,18502118.75
2020-10-01 13:23:42,18504968.75
2020-10-04 16:30:18,18507818.75
2020-10-07 20:50:50,18510681.25
2020-10-10 23:24:33,18513537.5
2020-10-13 23:47:36,18516393.75
2020-10-17 00:00:50,18519250
2020-10-20 06:22:16,18522106.25
2020-10-23 19:58:17,18524975
2020-10-27 13:31:34,18527825
2020-10-31 19:57:57,18530668.75
2020-11-04 09:52:27,18533518.75
2020-11-07 12:33:57,18536400
2020-11-10 10:39:06,18539262.5
2020-11-13 11:01:17,18542112.5
2020-11-16 13:15:02,18544975
2020-11-19 12:34:27,18547831.25
2020-11-22 04:55:40,18550681.25
2020-11-25 06:42:08,18553525
2020-11-28 05:28:28,18556381.25
2020-12-01 10:14:45,18559237.5
2020-12-04 16:25:47,18562087.5
2020-12-07 19:33:51,18564937.5
2020-12-11 03:38:55,18567800
2020-12-14 08:21:55,18570662.5
2020-12-17 16:10:28,18573525
2020-12-20 14:01:11,18576375
2020-12-23 18:23:11,18579231.25
2020-12-27 02:31:44,18582081.25
2020-12-30 01:57:07,18584931.25
2021-01-01 20:55:03,18587787.5
2021-01-04 18:52:29,18590662.5
2021-01-07 12:27:06,18593512.5
2021-01-10 13:11:49,18596368.75
2021-01-13 12:47:57,18599218.75
2021-01-16 13:12:39,18602081.25
2021-01-19 18:32:47,18604937.5
2021-01-23 02:56:17,18607787.5
2021-01-26 04:52:11,18610643.75
2021-01-29 07:37:15,18613500
2021-02-01 13:29:45,18616343.75
2021-02-04 14:46:35,18619200
2021-02-07 11:33:19,18622062.5
2021-02-10 10:28:28,18624931.25
2021-02-13 17:32:30,18627806.25
2021-02-16 22:59:32,18630656.25
2021-02-20 03:43:07,18633512.5
2021-02-23 11:46:11,18636368.75
2021-02-26 13:22:22,18639231.25
2021-03-01 20:30:04,18642075
2021-03-05 01:07:44,18644937.5
2021-03-08 02:50:59,18647781.25
2021-03-11 05:55:02,18650625
2021-03-14 08:24:13,18653468.75
2021-03-17 09:18:35,18656318.75
2021-03-20 12:37:58,18659175
2021-03-23 11:29:53,18662037.5
2021-03-26 12:50:16,18664893.75
2021-03-29 11:04:01,18667750
2021-04-01 10:49:35,18670600
2021-04-04 17:11:07,18673450
2021-04-07 19:01:09,18676293.75
2021-04-10 20:07:10,18679143.75
2021-04-14 00:54:43,18681993.75
2021-04-17 10:52:44,18684862.5
2021-04-21 16:44:30,18687731.25
2021-04-25 01:05:09,18690575
2021-04-28 09:24:57,18693425
2021-05-01 19:49:45,18696287.5
2021-05-04 08:48:52,18699137.5
2021-05-07 01:50:31,18701987.5
2021-05-09 15:08:57,18704850
2021-05-12 07:55:38,18707693.75
2021-05-15 05:32:07,18710537.5
2021-05-19 01:59:51,18713387.5
2021-05-23 01:29:52,18716243.75
2021-05-26 18:01:27,18719087.5
2021-05-30 10:46:17,18721931.25
2021-06-02 14:17:56,18724787.5
2021-06-05 21:29:27,18727637.5
2021-06-09 00:54:34,18730500
2021-06-12 21:25:30,18733356.25
2021-06-16 09:47:50,18736218.75
2021-06-20 04:36:08,18739062.5
2021-06-24 17:24:52,18741912.5
2021-06-29 21:02:05,18744756.25
2021-07-04 08:42:34,18747600
2021-07-07 21:27:49,18750443.75
2021-07-11 03:43:54,18753293.75
2021-07-14 12:22:09,18756150
2021-07-17 13:28:02,18759000
2021-07-20 17:11:20,18761850
2021-07-23 22:04:42,18764706.25
2021-07-26 21:57:01,18767550
2021-07-29 18:18:39,18770400
2021-08-01 13:43:55,18773250
2021-08-04 15:44:29,18776106.25
2021-08-07 13:22:43,18778950
2021-08-10 08:49:13,18781793.75
2021-08-13 08:17:28,18784643.75
2021-08-16 02:22:17,18787487.5
2021-08-19 02:03:07,18790343.75
2021-08-21 20:51:53,18793187.5
2021-08-24 12:05:56,18796037.5