Date,Value
2016-01-01,58346264.6538702
2016-01-02,45906482.0
2016-01-03,51825525.0
2016-01-04,96276570.1913359
2016-01-05,90298235.0
2016-01-06,92674992.0
2016-01-07,162207621.394275
2016-01-08,121105566.0
2016-01-09,70372025.0
2016-01-10,94073291.3816097
2016-01-11,106830047.0
2016-01-12,99053316.0
2016-01-13,136318196.489126
2016-01-14,88360661.0
2016-01-15,127558283.0
2016-01-16,109411304.340177
2016-01-17,69422433.0
2016-01-18,73971077.0
2016-01-19,95862424.5752563
2016-01-20,128208178.0
2016-01-21,135289667.0
2016-01-22,134482253.931663
2016-01-23,109228485.0
2016-01-24,80026649.0
2016-01-25,191305654.019256
2016-01-26,124530436.0
2016-01-27,134666967.0
2016-01-28,142471030.875658
2016-01-29,147102840.0
2016-01-30,147357727.0
2016-01-31,103665933.111343
2016-02-01,150761429.0
2016-02-02,144577638.0
2016-02-03,115764017.96601
2016-02-04,121094475.0
2016-02-05,155714041.0
2016-02-06,116944573.366285
2016-02-07,79599219.0
2016-02-08,93311393.0
2016-02-09,124816846.664347
2016-02-10,129887155.0
2016-02-11,135127313.0
2016-02-12,124601290.486344
2016-02-13,119714883.0
2016-02-14,104891981.0
2016-02-15,176794468.588432
2016-02-16,150215514.0
2016-02-17,171220047.0
2016-02-18,163499274.485133
2016-02-19,134002007.0
2016-02-20,151924621.0
2016-02-21,155130149.064769
2016-02-22,142238677.0
2016-02-23,157192209.0
2016-02-24,166459833.649415
2016-02-25,150561021.0
2016-02-26,142870420.0
2016-02-27,159716131.267112
2016-02-28,146428747.0
2016-02-29,226500160.0
2016-03-01,280786700.504114
2016-03-02,236848413.0
2016-03-03,216563283.0
2016-03-04,177618220.523574
2016-03-05,200160841.0
2016-03-06,135654591.0
2016-03-07,145282392.78699
2016-03-08,120042367.0
2016-03-09,114428780.0
2016-03-10,139316581.780296
2016-03-11,137839767.0
2016-03-12,70582774.0
2016-03-13,88371198.5967914
2016-03-14,117684224.0
2016-03-15,117684224.0
2016-03-16,123888279.520397
2016-03-17,115249577.0
2016-03-18,121630357.0
2016-03-19,86792272.3163921
2016-03-20,70623066.0
2016-03-21,95667032.0
2016-03-22,132592024.246167
2016-03-23,111018758.0
2016-03-24,139400527.0
2016-03-25,134672579.091353
2016-03-26,100661549.0
2016-03-27,115335330.0
2016-03-28,140252685.928324
2016-03-29,117297491.0
2016-03-30,156573869.0
2016-03-31,140898124.328616
2016-04-01,120362457.0
2016-04-02,96731087.0
2016-04-03,88435716.0739488
2016-04-04,111607536.0
2016-04-05,139881431.0
2016-04-06,159685598.931054
2016-04-07,159074674.0
2016-04-08,123583371.0
2016-04-09,104520518.007936
2016-04-10,84161958.0
2016-04-11,111212456.0
2016-04-12,156860496.804597
2016-04-13,131626794.0
2016-04-14,116332488.0
2016-04-15,136158701.120764
2016-04-16,86155565.0
2016-04-17,79440650.0
2016-04-18,116994110.42223
2016-04-19,118542250.0
2016-04-20,138381943.03
2016-04-21,154376605.429112
2016-04-22,147227705.486
2016-04-23,100388767.668
2016-04-24,103550332.548332
2016-04-25,168025613.115
2016-04-26,170332016.496
2016-04-27,168934334.779151
2016-04-28,171720826.015
2016-04-29,200081325.409
2016-04-30,92579744.1214576
2016-05-01,85326421.8447
2016-05-02,143257803.931
2016-05-03,128092229.867241
2016-05-04,193746215.118
2016-05-05,129129621.373
2016-05-06,150035773.319432
2016-05-07,101572175.717
2016-05-08,72466700.7719
2016-05-09,138794017.510208
2016-05-10,153374229.552
2016-05-11,143001664.207
2016-05-12,149854665.866916
2016-05-13,139340132.889
2016-05-14,103526313.047
2016-05-15,99104765.0213349
2016-05-16,138501762.632
2016-05-17,144340458.957
2016-05-18,159373784.448942
2016-05-19,161110261.373
2016-05-20,155269360.777
2016-05-21,105043285.909485
2016-05-22,84832969.4866
2016-05-23,127147867.79
2016-05-24,147794302.053499
2016-05-25,171807424.322
2016-05-26,166731059.546
2016-05-27,300392313.16427
2016-05-28,259939042.623
2016-05-29,207196704.965
2016-05-30,241119804.228294
2016-05-31,220052229.094
2016-06-01,194100011.17
2016-06-02,194112539.742197
2016-06-03,162425728.921
2016-06-04,134268325.307
2016-06-05,141793764.106445
2016-06-06,178161282.107
2016-06-07,207725690.123
2016-06-08,180814927.1302
2016-06-09,211910903.354
2016-06-10,221804836.821
2016-06-11,162244835.709132
2016-06-12,298940133.356
2016-06-13,193653353.336
2016-06-14,256120540.898319
2016-06-15,233609444.62
2016-06-16,433827904.88
2016-06-17,313165865.407592
2016-06-18,207754751.11
2016-06-19,154471559.65
2016-06-20,237206784.336225
2016-06-21,314077556.88
2016-06-22,287826976.67
2016-06-23,284618179.196952
2016-06-24,219410250.61
2016-06-25,155484784.1
2016-06-26,150791051.867233
2016-06-27,205564516.74
2016-06-28,204747904.48
2016-06-29,206884074.071743
2016-06-30,228428274.68
2016-07-01,195860775.88
2016-07-02,169929673.904514
2016-07-03,152391217.72
2016-07-04,163158062.18
2016-07-05,205876443.302665
2016-07-06,183599980.66
2016-07-07,211036735.59
2016-07-08,190072668.311984
2016-07-09,141090463.31
2016-07-10,102817416.16
2016-07-11,168883000.517706
2016-07-12,193691457.42
2016-07-13,187860897.96
2016-07-14,162291972.803481
2016-07-15,187503475.3
2016-07-16,129816925.1
2016-07-17,160525091.73713
2016-07-18,196352735.7
2016-07-19,237841255.86
2016-07-20,170220921.866371
2016-07-21,139216838.44
2016-07-22,162347801.72
2016-07-23,115059449.184302
2016-07-24,130573193.87
2016-07-25,136159538.33
2016-07-26,176818808.322219
2016-07-27,169779142.34
2016-07-28,169387536.69
2016-07-29,155222292.486318
2016-07-30,102541348.14
2016-07-31,146181270.06
2016-08-01,179607831.910275
2016-08-02,319085008.11
2016-08-03,205115591.28
2016-08-04,206097159.659288
2016-08-05,157782352.54
2016-08-06,117085456.26
2016-08-07,153369941.983342
2016-08-08,141320109.96
2016-08-09,152251392.82
2016-08-10,174758412.072643
2016-08-11,187360466.56
2016-08-12,151428140.37
2016-08-13,107861817.666152
2016-08-14,116178765.88
2016-08-15,120670960.52
2016-08-16,180903207.515641
2016-08-17,162671083.18
2016-08-18,141677829.95
2016-08-19,163856272.461502
2016-08-20,113672352.79
2016-08-21,79203717.81
2016-08-22,144303111.47118
2016-08-23,165358019.78
2016-08-24,157159537.19
2016-08-25,143380501.255004
2016-08-26,123955382.31
2016-08-27,96289790.08
2016-08-28,81677102.5935288
2016-08-29,144265305.92
2016-08-30,153077158.68
2016-08-31,157138022.669795
2016-09-01,160610637.81
2016-09-02,134009917.27
2016-09-03,102592239.860787
2016-09-04,113850085.3
2016-09-05,159238902.64
2016-09-06,136578787.591771
2016-09-07,143426494.41
2016-09-08,154415043.4
2016-09-09,147264804.281444
2016-09-10,98687889.72
2016-09-11,99918473.18
2016-09-12,133648709.657427
2016-09-13,145930431.22
2016-09-14,134490737.57
2016-09-15,122887826.653529
2016-09-16,114444424.38
2016-09-17,92793982.26
2016-09-18,100458543.643945
2016-09-19,134760154.4
2016-09-20,148383128.48
2016-09-21,132006186.045231
2016-09-22,118467306.42
2016-09-23,144015257.49
2016-09-24,102277846.976838
2016-09-25,153681855.53
2016-09-26,151722294.05
2016-09-27,145940667.050968
2016-09-28,150481349.96
2016-09-29,154115925.82
2016-09-30,151697973.208666
2016-10-01,103778194.3
2016-10-02,98603245.04
2016-10-03,152745154.983948
2016-10-04,168434258.21
2016-10-05,149242509.55
2016-10-06,151565507.710158
2016-10-07,143894359.71
2016-10-08,132635392.01
2016-10-09,119547253.301373
2016-10-10,147286256.4
2016-10-11,194960089.53
2016-10-12,199143900.069083
2016-10-13,165694238.83
2016-10-14,152633388.49
2016-10-15,129491942.695046
2016-10-16,118023531.2
2016-10-17,162800543.73
2016-10-18,215694366.552112
2016-10-19,154515407.86
2016-10-20,183925044.68
2016-10-21,156669875.507655
2016-10-22,127614330.11
2016-10-23,104494840.84
2016-10-24,161693433.731515
2016-10-25,195708742.53
2016-10-26,176802053.03
2016-10-27,258545483.966802
2016-10-28,194600191.98
2016-10-29,167480078.0
2016-10-30,131602246.519822
2016-10-31,207351752.69
2016-11-01,211281401.08
2016-11-02,164356161.509587
2016-11-03,204145450.34
2016-11-04,198460199.87
2016-11-05,120288462.083288
2016-11-06,169183042.94
2016-11-07,190875054.99
2016-11-08,207694374.685563
2016-11-09,289544177.64
2016-11-10,187613065.98
2016-11-11,156396615.431267
2016-11-12,119400679.08
2016-11-13,124728414.92
2016-11-14,167411486.834791
2016-11-15,190622060.17
2016-11-16,270653443.72
2016-11-17,254155219.470792
2016-11-18,198644445.34
2016-11-19,151778076.97
2016-11-20,128952148.560894
2016-11-21,193256336.36
2016-11-22,223163107.16
2016-11-23,206486727.870907
2016-11-24,252699561.02
2016-11-25,194997124.16
2016-11-26,182382884.916916
2016-11-27,129855387.79
2016-11-28,198614920.79
2016-11-29,222587581.749958
2016-11-30,204169344.0
2016-12-01,195432627.8
2016-12-02,228141076.849329
2016-12-03,154632778.48
2016-12-04,100618181.33
2016-12-05,198703655.634775
2016-12-06,219286012.91
2016-12-07,225933753.51
2016-12-08,233884533.88058
2016-12-09,214235917.98
2016-12-10,149402091.27
2016-12-11,125059695.222629
2016-12-12,214657678.01
2016-12-13,200234698.52
2016-12-14,206398743.80016
2016-12-15,221944104.66
2016-12-16,240778360.04
2016-12-17,183418677.608644
2016-12-18,155830419.34
2016-12-19,221887382.55
2016-12-20,243951480.369348
2016-12-21,321107915.44
2016-12-22,331099339.95
2016-12-23,388045841.232592
2016-12-24,200327041.12
2016-12-25,208080003.14
2016-12-26,243945751.84128
2016-12-27,322486430.11
2016-12-28,326666676.58
2016-12-29,315507313.829108
2016-12-30,316213793.61
2016-12-31,207605277.46
2017-01-01,166788994.438506
2017-01-02,284471581.55
2017-01-03,340688236.3
2017-01-04,433678086.930274
2017-01-05,524577602.08
2017-01-06,428452344.25
2017-01-07,295587982.400845
2017-01-08,211475099.03
2017-01-09,267769180.27
2017-01-10,287618545.510897
2017-01-11,389299060.46
2017-01-12,317369300.88
2017-01-13,246890176.531767
2017-01-14,154658301.41
2017-01-15,159034173.05
2017-01-16,208260163.869729
2017-01-17,292157921.6
2017-01-18,259176379.48
2017-01-19,232438071.962038
2017-01-20,230407548.736
2017-01-21,206063844.495
2017-01-22,210313964.544514
2017-01-23,198400469.238
2017-01-24,234204104.007
2017-01-25,266770577.731972
2017-01-26,230425627.05
2017-01-27,172944033.546
2017-01-28,112142903.966695
2017-01-29,130997412.192
2017-01-30,147934759.575
2017-01-31,223566247.35351
2017-02-01,265703457.69
2017-02-02,208080409.798
2017-02-03,267577532.235832
2017-02-04,219852279.335
2017-02-05,189360700.467
2017-02-06,218963129.707101
2017-02-07,265069291.959
2017-02-08,268446935.564
2017-02-09,377801460.068728
2017-02-10,295832936.516
2017-02-11,162450165.438
2017-02-12,116966457.119016
2017-02-13,193290194.995
2017-02-14,230076645.459
2017-02-15,202429312.98124
2017-02-16,216881376.303
2017-02-17,274772401.34
2017-02-18,179904049.623422
2017-02-19,171469835.058
2017-02-20,194658608.624
2017-02-21,235255122.879217
2017-02-22,223493550.83
2017-02-23,329524919.718
2017-02-24,369319167.07207
2017-02-25,227869925.569
2017-02-26,199679377.838
2017-02-27,262053158.425805
2017-02-28,254779003.314
2017-03-01,288085091.743
2017-03-02,431801396.598851
2017-03-03,426416987.39
2017-03-04,257999763.717
2017-03-05,218660855.895447
2017-03-06,292399611.764
2017-03-07,333212201.649
2017-03-08,315179702.137921
2017-03-09,264212241.0
2017-03-10,300514966.414
2017-03-11,243728155.220018
2017-03-12,213603425.362
2017-03-13,305232654.968
2017-03-14,347466704.53874
2017-03-15,321158673.983
2017-03-16,498470434.731
2017-03-17,552676695.368399
2017-03-18,358857764.257
2017-03-19,251863755.76
2017-03-20,301488144.209954
2017-03-21,338645232.716
2017-03-22,378214892.375
2017-03-23,312768150.521022
2017-03-24,393959388.238
2017-03-25,317578894.427
2017-03-26,234975161.590919
2017-03-27,314065026.072
2017-03-28,427464477.241
2017-03-29,270264531.240309
2017-03-30,338050783.413
2017-03-31,458122200.82
2017-04-01,275732331.549016
2017-04-02,279296199.772
2017-04-03,352832392.709
2017-04-04,348486729.241388
2017-04-05,366491387.361
2017-04-06,373394291.449
2017-04-07,411459319.524365
2017-04-08,195546229.569
2017-04-09,221823326.333
2017-04-10,276975890.505248
2017-04-11,356178072.388
2017-04-12,324655762.716
2017-04-13,296565393.518839
2017-04-14,357882778.187
2017-04-15,277386308.86
2017-04-16,248893303.715128
2017-04-17,350736258.009
2017-04-18,358703371.136
2017-04-19,305279308.340359
2017-04-20,362526871.165
2017-04-21,343765582.749
2017-04-22,220730616.638858
2017-04-23,216214543.25
2017-04-24,275563451.446
2017-04-25,393127864.708434
2017-04-26,374510235.061
2017-04-27,403324576.013
2017-04-28,423281308.506147
2017-04-29,358298055.711
2017-04-30,270224936.574
2017-05-01,446976193.582856
2017-05-02,459618754.831
2017-05-03,478643852.401
2017-05-04,635339356.026632
2017-05-05,572492738.292
2017-05-06,473676745.126
2017-05-07,442601453.184986
2017-05-08,718838977.073
2017-05-09,761394965.372
2017-05-10,743762053.06786
2017-05-11,663588561.074
2017-05-12,591706179.241
2017-05-13,426951909.091612
2017-05-14,437151327.764
2017-05-15,691417744.077
2017-05-16,594333395.307832
2017-05-17,937290192.578
2017-05-18,677185578.423
2017-05-19,845185438.857744
2017-05-20,681378820.786
2017-05-21,545513367.88
2017-05-22,920544425.97211
2017-05-23,1026598216.67
2017-05-24,1071925264.37
2017-05-25,1318459470.59989
2017-05-26,946402388.928
2017-05-27,646375171.124
2017-05-28,528810229.383807
2017-05-29,574153810.848
2017-05-30,894942260.97
2017-05-31,840617433.492568
2017-06-01,945504768.845
2017-06-02,726398967.485
2017-06-03,828539265.381656
2017-06-04,627567197.394
2017-06-05,796468589.3
2017-06-06,888558904.123181
2017-06-07,883089172.782
2017-06-08,810352769.005
2017-06-09,685475617.745
2017-06-10,671075205.245
2017-06-11,657286287.918
2017-06-12,891415561.221529
2017-06-13,848899018.333
2017-06-14,753304915.377
2017-06-15,704179683.271891
2017-06-16,624436119.97
2017-06-17,536083586.08
2017-06-18,531175986.631959
2017-06-19,610147802.968
2017-06-20,712285162.403
2017-06-21,835467130.108463
2017-06-22,692310514.891
2017-06-23,555414772.842
2017-06-24,433119966.233253
2017-06-25,509648501.094
2017-06-26,694801740.266
2017-06-27,687790878.577049
2017-06-28,723115848.433
2017-06-29,609903745.579
2017-06-30,771010449.218829
2017-07-01,471702116.785
2017-07-02,595876275.288
2017-07-03,590179543.656499
2017-07-04,568885136.293
2017-07-05,730594292.935
2017-07-06,536928215.088525
2017-07-07,715785277.025
2017-07-08,558655116.26
2017-07-09,714533490.943618
2017-07-10,686994894.88
2017-07-11,651438758.556
2017-07-12,557154714.150382
2017-07-13,443677408.291
2017-07-14,486550966.171
2017-07-15,459530087.737274
2017-07-16,461314550.095
2017-07-17,570175601.509
2017-07-18,612361551.304947
2017-07-19,584802118.293
2017-07-20,755326162.653
2017-07-21,703181494.386552
2017-07-22,498204137.656
2017-07-23,423959853.132
2017-07-24,568575160.453683
2017-07-25,758199393.126
2017-07-26,676202732.851
2017-07-27,849185180.945369
2017-07-28,1328334473.75
2017-07-29,928609716.264
2017-07-30,1157398139.86185
2017-07-31,1772644310.59
2017-08-01,1369195845.96
2017-08-02,1424505879.24285
2017-08-03,970956325.844
2017-08-04,1196484565.0
2017-08-05,979154079.251385
2017-08-06,1044204487.06
2017-08-07,1385571339.14
2017-08-08,1230025637.35308
2017-08-09,807119553.203
2017-08-10,963128414.093
2017-08-11,985601487.693678
2017-08-12,870629381.105
2017-08-13,926444961.957
2017-08-14,866674915.893119
2017-08-15,1206087776.36
2017-08-16,982522797.133
2017-08-17,1362840510.69978
2017-08-18,1137241535.01
2017-08-19,1323689299.87
2017-08-20,758991072.40884
2017-08-21,819457187.488
2017-08-22,881477645.718
2017-08-23,1053263975.41305
2017-08-24,756043560.938
2017-08-25,765174341.396
2017-08-26,687934750.253782
2017-08-27,781459739.104
2017-08-28,925154460.786
2017-08-29,1113343542.50353
2017-08-30,1010875740.75
2017-08-31,1192190047.07
2017-09-01,1220477319.81695
2017-09-02,918257379.548
2017-09-03,795926407.795
2017-09-04,1452488599.68739
2017-09-05,1403653848.43
2017-09-06,1347017552.02
2017-09-07,1250684680.98455
2017-09-08,1024260564.13
2017-09-09,778259235.639
2017-09-10,849737599.424126
2017-09-11,848892503.36
2017-09-12,906438524.081
2017-09-13,1001341343.71237
2017-09-14,889710944.009
2017-09-15,1503345854.33
2017-09-16,755451379.92034
2017-09-17,571971943.162
2017-09-18,838578661.709
2017-09-19,869566641.158497
2017-09-20,736406709.825
2017-09-21,688978348.872
2017-09-22,720084890.797891
2017-09-23,498447359.008
2017-09-24,359612295.379
2017-09-25,992813616.585088
2017-09-26,774208152.991
2017-09-27,721892560.176
2017-09-28,846414368.613928
2017-09-29,729473582.828
2017-09-30,663214577.875
2017-10-01,495152833.454326
2017-10-02,848062737.177
2017-10-03,691406024.482
2017-10-04,611184779.702613
2017-10-05,814413222.018
2017-10-06,714231923.302
2017-10-07,552496903.66649
2017-10-08,676195487.48
2017-10-09,1118783648.0
2017-10-10,1189113919.87786
2017-10-11,837665469.625
2017-10-12,1107300179.99
2017-10-13,1477309948.05088
2017-10-14,1023554358.7
2017-10-15,868580434.843
2017-10-16,1148993979.04203
2017-10-17,1111146061.46
2017-10-18,1395865356.31
2017-10-19,1435812894.93232
2017-10-20,1118742453.83
2017-10-21,929448820.609
2017-10-22,996113498.470227
2017-10-23,2396482266.96
2017-10-24,2102862590.16
2017-10-25,2093083247.85009
2017-10-26,1970506447.29
2017-10-27,952470634.548
2017-10-28,645357529.902608
2017-10-29,1306645347.28
2017-10-30,1681454664.16
2017-10-31,1557216921.88694
2017-11-01,1269855999.92
2017-11-02,2392765593.6
2017-11-03,1685749159.21425
2017-11-04,1424364752.55
2017-11-05,1309726635.21
2017-11-06,1629540869.12293
2017-11-07,1826009240.7
2017-11-08,1888939271.11
2017-11-09,2366841243.84241
2017-11-10,1944419256.12
2017-11-11,1344145630.42
2017-11-12,1946782857.0861
2017-11-13,2115296495.82
2017-11-14,1833276923.3
2017-11-15,2274507065.39276
2017-11-16,2351529593.37
2017-11-17,2803405660.01
2017-11-18,1967731645.24613
2017-11-19,1610358777.87
2017-11-20,2394321375.2
2017-11-21,2632881286.5975
2017-11-22,1730604252.11
2017-11-23,2455560232.76
2017-11-24,2685926757.31595
2017-11-25,2368622335.77
2017-11-26,2264912543.13
2017-11-27,3382462034.24211
2017-11-28,3250901799.03
2017-11-29,3966055569.86
2017-11-30,3446153829.33153
2017-12-01,2679696382.88
2017-12-02,1985357942.79
2017-12-03,2065023836.1632
2017-12-04,2601197062.2
2017-12-05,2667850402.16
2017-12-06,3394252519.10379
2017-12-07,5615762340.67
2017-12-08,4799300874.74
2017-12-09,3943426403.66603
2017-12-10,3572482517.43
2017-12-11,4271582103.7
2017-12-12,5729890455.48235
2017-12-13,4658395921.13
2017-12-14,3587876010.83
2017-12-15,4219284344.1263
2017-12-16,3581766251.64
2017-12-17,5065451796.19
2017-12-18,4869203329.46846
2017-12-19,3771403823.8
2017-12-20,5152140336.23
2017-12-21,3765982142.63797
2017-12-22,4421187412.93
2017-12-23,2465336231.04
2017-12-24,2531170728.06185
2017-12-25,2519602087.62
2017-12-26,3172612010.67
2017-12-27,4777859401.98801
2017-12-28,3618298008.33
2017-12-29,3682930089.23
2017-12-30,3922944907.4099
2017-12-31,3322403204.56
2018-01-01,2552418375.92
2018-01-02,3339191213.7855
2018-01-03,2850171440.75
2018-01-04,4053543883.55
2018-01-05,4736424942.20902
2018-01-06,3932860281.58
2018-01-07,4897713642.16
2018-01-08,4095843401.55246
2018-01-09,3794067602.84
2018-01-10,3931428179.01
2018-01-11,3733633619.45572
2018-01-12,3261904629.75
2018-01-13,2614290041.62
2018-01-14,2648247577.87206
2018-01-15,2828536552.74
2018-01-16,3021888568.48
2018-01-17,2919536905.70861
2018-01-18,2711507318.13
2018-01-19,2503297607.33
2018-01-20,2591920373.50638
2018-01-21,1773530155.1
2018-01-22,2099490615.82
2018-01-23,1903407628.40967
2018-01-24,2100547353.65
2018-01-25,2123135103.39
2018-01-26,2828780181.62246
2018-01-27,1380662034.54
2018-01-28,1924759197.83
2018-01-29,1802719595.8518
2018-01-30,1759355792.59
2018-01-31,1618658854.2
2018-02-01,2614260637.5456
2018-02-02,2944216908.4
2018-02-03,1491970146.06
2018-02-04,1685654407.52098
2018-02-05,1758323361.25
2018-02-06,2199269650.77
2018-02-07,1651883624.31755
2018-02-08,1764215068.64
2018-02-09,1702603672.86
2018-02-10,1017797853.82348
2018-02-11,715801285.187
2018-02-12,1595114435.69
2018-02-13,1266134857.40392
2018-02-14,1382435888.86
2018-02-15,1288852356.38
2018-02-16,1066535211.87328
2018-02-17,877050948.237
2018-02-18,836693606.242
2018-02-19,1250363981.08978
2018-02-20,1485357828.45
2018-02-21,1532098344.12
2018-02-22,2569053251.11412
2018-02-23,1789955857.63
2018-02-24,1626761887.8
2018-02-25,735383768.774946
2018-02-26,1108188222.27
2018-02-27,1499367704.06
2018-02-28,2141873922.79825
2018-03-01,2018301936.75
2018-03-02,1317221659.23
2018-03-03,1044510356.00801
2018-03-04,1054511194.14
2018-03-05,1582234331.19
2018-03-06,1313036217.13425
2018-03-07,1580136724.8
2018-03-08,1349195039.2
2018-03-09,1845969389.06628
2018-03-10,950847699.78
2018-03-11,1016923551.98
2018-03-12,1128481461.10965
2018-03-13,1418568667.41
2018-03-14,1221695123.02
2018-03-15,1197812277.26368
2018-03-16,980782712.3
2018-03-17,703389492.23
2018-03-18,817452712.514831
2018-03-19,1122875101.3
2018-03-20,1036873619.32
2018-03-21,1045367812.30046
2018-03-22,979427716.114
2018-03-23,961129741.356
2018-03-24,623816401.961253
2018-03-25,911678930.691
2018-03-26,1014204076.94
2018-03-27,947745397.417293
2018-03-28,852300507.928
2018-03-29,1048746364.33
2018-03-30,1222424226.86149
2018-03-31,550645501.595
2018-04-01,585197702.818
2018-04-02,768333587.034114
2018-04-03,991675387.16
2018-04-04,749856523.287
2018-04-05,757321484.524495
2018-04-06,707820871.966
2018-04-07,653970928.963
2018-04-08,563967121.149313
2018-04-09,767735388.159
2018-04-10,814234811.038
2018-04-11,944639313.553063
2018-04-12,1427097610.83
2018-04-13,1139372876.25
2018-04-14,516931824.839407
2018-04-15,565887877.99
2018-04-16,870304184.174
2018-04-17,933802321.600287
2018-04-18,837466035.967
2018-04-19,1383779298.64
2018-04-20,1105686984.46496
2018-04-21,968060857.955
2018-04-22,662423526.707
2018-04-23,1170233453.21339
2018-04-24,1794341044.68
2018-04-25,1640070695.43
2018-04-26,1356669104.25048
2018-04-27,1241919188.19
2018-04-28,1666871609.28
2018-04-29,1043832708.35065
2018-04-30,1035300588.35
2018-05-01,855147575.988
2018-05-02,1356043112.32921
2018-05-03,1327368113.18
2018-05-04,1411310861.66
2018-05-05,1032424172.16879
2018-05-06,988115175.597
2018-05-07,1292283431.85
2018-05-08,1305599529.85642
2018-05-09,1210273479.41
2018-05-10,1324180127.31
2018-05-11,1308283132.78675
2018-05-12,918875391.699
2018-05-13,635299096.563
2018-05-14,1877479922.51764
2018-05-15,1081411504.35
2018-05-16,1353735436.44
2018-05-17,1986371307.18684
2018-05-18,1787078403.23
2018-05-19,569531075.189
2018-05-20,505408446.545892
2018-05-21,790740779.415
2018-05-22,877226131.468
2018-05-23,1070131558.32802
2018-05-24,1000588876.25
2018-05-25,788621726.07
2018-05-26,433358755.892997
2018-05-27,405677290.335
2018-05-28,1013613734.54
2018-05-29,902651076.805139
2018-05-30,902500526.966
2018-05-31,827851052.942
2018-06-01,860640929.266263
2018-06-02,520519261.628
2018-06-03,485884807.311
2018-06-04,781951697.703179
2018-06-05,766868932.813
2018-06-06,781104515.782
2018-06-07,802888675.612286
2018-06-08,820067981.35
2018-06-09,506021255.081
2018-06-10,682579730.014871
2018-06-11,957529687.846
2018-06-12,818780283.334
2018-06-13,1043117695.00437
2018-06-14,852588901.33
2018-06-15,774046295.073
2018-06-16,393367359.714171
2018-06-17,427735217.46
2018-06-18,688082117.382
2018-06-19,717193233.877687
2018-06-20,624576870.099
2018-06-21,719546651.514
2018-06-22,877986505.482454
2018-06-23,428012920.547
2018-06-24,583414674.371
2018-06-25,683034898.67434
2018-06-26,609799528.251
2018-06-27,795615808.346
2018-06-28,717809351.700124
2018-06-29,656285943.885
2018-06-30,493208885.085
2018-07-01,994143368.502515
2018-07-02,720058629.123
2018-07-03,872392592.008
2018-07-04,662808206.668387
2018-07-05,667645282.594
2018-07-06,799979138.346
2018-07-07,370270464.469499
2018-07-08,556194054.932
2018-07-09,641995550.747
2018-07-10,840599276.598201
2018-07-11,703800649.597
2018-07-12,684429563.545
2018-07-13,674548450.327427
2018-07-14,338915362.502
2018-07-15,351656240.412
2018-07-16,747886516.022028
2018-07-17,793711434.557
2018-07-18,1061451896.23
2018-07-19,993456134.043958
2018-07-20,821696098.591
2018-07-21,525631984.81
2018-07-22,395927691.401284
2018-07-23,899750255.388
2018-07-24,1102640515.77
2018-07-25,1009352100.9677
2018-07-26,830061488.122
2018-07-27,873105273.545
2018-07-28,516574795.872905
2018-07-29,727303100.366
2018-07-30,879598687.622
2018-07-31,916151854.706209
2018-08-01,725732624.885
2018-08-02,1034978972.54
2018-08-03,926100823.345805
2018-08-04,489889914.247
2018-08-05,373567222.216
2018-08-06,732204363.485113
2018-08-07,646148619.517
2018-08-08,785753515.086
2018-08-09,939755086.265862
2018-08-10,757467749.914
2018-08-11,507380742.097
2018-08-12,333729799.273728
2018-08-13,836197121.415
2018-08-14,1057442607.44
2018-08-15,891860903.410449
2018-08-16,686851909.768
2018-08-17,785060819.089
2018-08-18,375616573.760664
2018-08-19,272482161.66
2018-08-20,623276781.085
2018-08-21,872997532.530483
2018-08-22,1013114236.86
2018-08-23,884660560.832
2018-08-24,660537345.458553
2018-08-25,513907773.355
2018-08-26,379429738.236
2018-08-27,788251385.708113
2018-08-28,979878645.589
2018-08-29,870722872.868
2018-08-30,798481940.583074
2018-08-31,867724935.052
2018-09-01,531359264.673
2018-09-02,446514389.352451
2018-09-03,724709647.361
2018-09-04,847238863.814
2018-09-05,945103849.443573
2018-09-06,1083671672.31
2018-09-07,737975012.235
2018-09-08,364549896.733295
2018-09-09,464647608.081
2018-09-10,707683213.337
2018-09-11,741261462.953143
2018-09-12,664911253.632
2018-09-13,1249581111.42
2018-09-14,739529758.061071
2018-09-15,375006930.182
2018-09-16,282353987.586
2018-09-17,572850819.087677
2018-09-18,600992855.335
2018-09-19,672997746.118
2018-09-20,682414738.538983
2018-09-21,986722599.639
2018-09-22,459745178.207
2018-09-23,335911295.135385
2018-09-24,503494967.408
2018-09-25,842041018.981
2018-09-26,753603397.081026
2018-09-27,824319235.774
2018-09-28,913410388.895
2018-09-29,463385867.587157
2018-09-30,420668287.794
2018-10-01,687191884.285
2018-10-02,826082619.396765
2018-10-03,740144927.737
2018-10-04,664561133.755
2018-10-05,627109174.216566
2018-10-06,387882956.04
2018-10-07,246326945.523
2018-10-08,629275555.877636
2018-10-09,706719254.858
2018-10-10,757453884.162
2018-10-11,887230191.302002
2018-10-12,803836588.892
2018-10-13,368589633.826
2018-10-14,398408927.243372
2018-10-15,1397520263.45
2018-10-16,903556367.088
2018-10-17,727254416.70506
2018-10-18,877725432.406
2018-10-19,839318447.663
2018-10-20,688806312.502373
2018-10-21,295882763.92
2018-10-22,740166133.973
2018-10-23,726527353.625848
2018-10-24,782426488.164
2018-10-25,823126054.416
2018-10-26,744611642.283238
2018-10-27,369300997.135
2018-10-28,461983903.433
2018-10-29,894864910.143942
2018-10-30,629226356.589
2018-10-31,808033046.237
2018-11-01,806286748.991908
2018-11-02,856375701.644
2018-11-03,367568335.322
2018-11-04,525975032.809028
2018-11-05,754581093.756
2018-11-06,753728436.454
2018-11-07,854471221.93819
2018-11-08,776728229.546
2018-11-09,841537370.028
2018-11-10,384259934.959002
2018-11-11,386272349.194
2018-11-12,743806005.812
2018-11-13,807686927.071364
2018-11-14,1201708839.79
2018-11-15,2721200860.51
2018-11-16,1082196428.0914
2018-11-17,488025364.839
2018-11-18,358591541.646
2018-11-19,1021796905.51698
2018-11-20,1493888105.21
2018-11-21,1029870319.1
2018-11-22,662090854.575515
2018-11-23,739181263.312
2018-11-24,413195235.25
2018-11-25,618633300.615613
2018-11-26,753355966.978
2018-11-27,859827351.961
2018-11-28,807058144.18961
2018-11-29,925986811.636
2018-11-30,1627971419.59
2018-12-01,689975479.91139
2018-12-02,351740543.238
2018-12-03,1267830455.83
2018-12-04,2465252204.48521
2018-12-05,1438836247.67
2018-12-06,1443218068.26
2018-12-07,751100109.531282
2018-12-08,374073429.982
2018-12-09,284901262.226
2018-12-10,526990901.514102
2018-12-11,742547159.599
2018-12-12,559240638.499
2018-12-13,597302476.971246
2018-12-14,530198467.42
2018-12-15,295204797.316
2018-12-16,315066374.369889
2018-12-17,547999498.441
2018-12-18,731580451.532
2018-12-19,893184813.801197
2018-12-20,833308176.897
2018-12-21,816200701.589
2018-12-22,303876048.573279
2018-12-23,395190388.887
2018-12-24,684998893.99
2018-12-25,403843192.833081
2018-12-26,427890281.727
2018-12-27,574288965.556
2018-12-28,626362020.822387
2018-12-29,425646460.654
2018-12-30,270002442.481
2018-12-31,476003087.181449
2019-01-01,223626548.673
2019-01-02,488767286.225
2019-01-03,586335098.627541
2019-01-04,540805337.78
2019-01-05,319832893.251
2019-01-06,295057199.362848
2019-01-07,620754635.677
2019-01-08,590024024.063
2019-01-09,630379615.777342
2019-01-10,671294824.365
2019-01-11,1089515520.38
2019-01-12,270915665.310548
2019-01-13,236158267.231
2019-01-14,588158821.961
2019-01-15,1270645847.43182
2019-01-16,622121356.115
2019-01-17,502064338.993
2019-01-18,449808595.91667
2019-01-19,306127868.437
2019-01-20,240365948.239
2019-01-21,488189514.450034
2019-01-22,560917561.014
2019-01-23,538919234.425
2019-01-24,477934358.136481
2019-01-25,456544872.149
2019-01-26,292643247.156
2019-01-27,223512708.830142
2019-01-28,598393585.443
2019-01-29,502734964.417
2019-01-30,737418316.862737
2019-01-31,574609830.721
2019-02-01,611007305.318
2019-02-02,315786229.87276
2019-02-03,265197431.536
2019-02-04,353232913.224
2019-02-05,414929550.42717
2019-02-06,496046280.165
2019-02-07,475540835.91
2019-02-08,552614639.038452
2019-02-09,290308690.903
2019-02-10,273943900.739
2019-02-11,512333681.418858
2019-02-12,494313528.417
2019-02-13,679292514.995
2019-02-14,465606911.488956
2019-02-15,475673471.435
2019-02-16,363956258.17
2019-02-17,237971659.056432
2019-02-18,689163298.994
2019-02-19,719387605.251
2019-02-20,696700438.735942
2019-02-21,658222916.531
2019-02-22,594309375.184
2019-02-23,489507893.012273
2019-02-24,436413535.328
2019-02-25,788388101.208
2019-02-26,592375975.327037
2019-02-27,573599563.169
2019-02-28,936111689.337
2019-03-01,536410480.46392
2019-03-02,440970166.168
2019-03-03,260455173.232
2019-03-04,510664925.146437
2019-03-05,545495184.577
2019-03-06,603814020.831
2019-03-07,598136964.047837
2019-03-08,621749744.798
2019-03-09,335332056.774
2019-03-10,289475543.963133
2019-03-11,581817561.236
2019-03-12,634318677.207
2019-03-13,632556077.344
2019-03-14,715988875.306
2019-03-15,544675740.536
2019-03-16,360840832.093826
2019-03-17,249331295.57
2019-03-18,597904327.88
2019-03-19,609610214.504111
2019-03-20,649248713.708
2019-03-21,650496386.448
2019-03-22,528282764.480713
2019-03-23,315765407.872
2019-03-24,288672589.988
2019-03-25,596522167.552637
2019-03-26,604089194.968
2019-03-27,624205341.901
2019-03-28,625086884.886481
2019-03-29,818224153.657
2019-03-30,350278425.922
2019-03-31,421441500.798735
2019-04-01,640470349.713
2019-04-02,1458650931.44
2019-04-03,1183522596.2499
2019-04-04,1008344651.12
2019-04-05,898533778.472
2019-04-06,426663923.548921
2019-04-07,441363438.704
2019-04-08,983977267.449
2019-04-09,877070582.095037
2019-04-10,851450827.774
2019-04-11,1050019754.79
2019-04-12,693684833.346474
2019-04-13,423377389.265
2019-04-14,550425596.886
2019-04-15,804147839.205968
2019-04-16,645003301.664
2019-04-17,896458088.041
2019-04-18,694249179.155019
2019-04-19,691322116.123
2019-04-20,373941308.535
2019-04-21,360713964.469088
2019-04-22,740397862.709
2019-04-23,825599122.583
2019-04-24,1576941009.18347
2019-04-25,826381786.756
2019-04-26,1196016425.67
2019-04-27,442516045.090871
2019-04-28,426337706.724
2019-04-29,886065657.845
2019-04-30,841828231.12052
2019-05-01,878862399.054
2019-05-02,760391105.925
2019-05-03,858064130.790705
2019-05-04,489890940.824
2019-05-05,446363838.194
2019-05-06,769428196.684081
2019-05-07,1041193668.86
2019-05-08,1026598912.93
2019-05-09,1251747786.99949
2019-05-10,1285152265.18
2019-05-11,890773875.558
2019-05-12,1047479224.06264
2019-05-13,1691655708.37
2019-05-14,1659251075.54
2019-05-15,1595050697.09695
2019-05-16,1694528053.99
2019-05-17,1298197113.84
2019-05-18,688963903.658277
2019-05-19,776463133.467
2019-05-20,1127760758.34
2019-05-21,1011724990.89294
2019-05-22,1126821699.73
2019-05-23,1180520164.76
2019-05-24,1291010564.0933
2019-05-25,551935634.866
2019-05-26,848987065.906
2019-05-27,1318870008.46283
2019-05-28,1475454597.97
2019-05-29,2715969883.45
2019-05-30,1307364485.98112
2019-05-31,2139391264.48
2019-06-01,950272921.697
2019-06-02,661260854.072411
2019-06-03,1387869417.39
2019-06-04,2210912218.38
2019-06-05,2554143447.31926
2019-06-06,2028322128.99
2019-06-07,1100908051.78
2019-06-08,537539563.516134
2019-06-09,429940401.765
2019-06-10,1024400574.28
2019-06-11,1596486462.48794
2019-06-12,1164520570.46
2019-06-13,1133834031.38
2019-06-14,1268348918.472
2019-06-15,856304521.345
2019-06-16,1037160332.21
2019-06-17,2950935222.42847
2019-06-18,2182288636.44
2019-06-19,1908684407.2
2019-06-20,1190905553.64237
2019-06-21,1529747837.77
2019-06-22,2222444544.54
2019-06-23,1181274913.1325
2019-06-24,1758426569.15
2019-06-25,1831245148.08
2019-06-26,2930019255.94771
2019-06-27,2491886549.15
2019-06-28,2653064698.97
2019-06-29,1357452935.74732
2019-06-30,1651368348.22
2019-07-01,1639029426.22
2019-07-02,1813299811.70937
2019-07-03,1618383338.9
2019-07-04,1933335669.37
2019-07-05,1176057042.74459
2019-07-06,639979717.956
2019-07-07,561967420.058
2019-07-08,2099126797.96369
2019-07-09,1779344024.06
2019-07-10,3158872124.78
2019-07-11,1909308953.10433
2019-07-12,1573448471.12
2019-07-13,703409877.233
2019-07-14,880311916.429513
2019-07-15,1237233738.07
2019-07-16,1554876517.05
2019-07-17,1898295641.75235
2019-07-18,1363791605.48
2019-07-19,2126938200.65
2019-07-20,835319633.831489
2019-07-21,682036367.27
2019-07-22,1027285548.46
2019-07-23,946331234.643111
2019-07-24,1334346530.1
2019-07-25,1029705254.8
2019-07-26,993970297.737923
2019-07-27,586372755.466
2019-07-28,379230727.585
2019-07-29,4112257571.27222
2019-07-30,1280347893.44
2019-07-31,1033351135.21
2019-08-01,1063515472.58285
2019-08-02,1276543413.55
2019-08-03,533502020.952
2019-08-04,584301307.017416
2019-08-05,1783008179.43
2019-08-06,1820577410.09
2019-08-07,1528500615.47788
2019-08-08,1409255302.78
2019-08-09,1423908954.56
2019-08-10,796863848.442387
2019-08-11,577446710.736
2019-08-12,1291059873.48
2019-08-13,1666494659.99051
2019-08-14,1317218977.94
2019-08-15,1574111185.8
2019-08-16,1077642458.52809
2019-08-17,1526187033.47
2019-08-18,923238653.158
2019-08-19,1023246904.67013
2019-08-20,1220470929.97
2019-08-21,1083045372.4
2019-08-22,951158027.834026
2019-08-23,2130991479.94
2019-08-24,592417288.471
2019-08-25,576624098.058777
2019-08-26,1311051900.85
2019-08-27,1295831266.8
2019-08-28,1050824062.27406
2019-08-29,1674298204.54
2019-08-30,1323718819.77
2019-08-31,536730722.744341
2019-09-01,527581681.518
2019-09-02,1189099299.74
2019-09-03,1484070470.30013
2019-09-04,1356552610.12
2019-09-05,1706403125.81
2019-09-06,2785938242.47131
2019-09-07,920958388.085
2019-09-08,734442315.886
2019-09-09,1233969516.75112
2019-09-10,1964047352.9
2019-09-11,1425043055.22
2019-09-12,1811962087.02676
2019-09-13,926451075.37
2019-09-14,550438176.484
2019-09-15,465077107.456492
2019-09-16,1523428331.69
2019-09-17,1412330120.99
2019-09-18,1899700648.3467
2019-09-19,1263814528.25
2019-09-20,1752366741.28
2019-09-21,1297619718.14635
2019-09-22,552377407.45
2019-09-23,855073770.204
2019-09-24,3139283339.2161
2019-09-25,2087385264.72
2019-09-26,1313285336.69
2019-09-27,1158429641.01496
2019-09-28,580178846.776
2019-09-29,461412848.671
2019-09-30,1032865548.01648
2019-10-01,1076885942.13
2019-10-02,753518693.1
2019-10-03,941153423.813483
2019-10-04,734036334.988
2019-10-05,375403716.022
2019-10-06,437929223.289477
2019-10-07,858436648.341
2019-10-08,951086445.427
2019-10-09,1063632108.53833
2019-10-10,1061857762.28
2019-10-11,940680504.466
2019-10-12,434035291.224281
2019-10-13,358793113.391
2019-10-14,1712938625.04
2019-10-15,933447813.563032
2019-10-16,944835135.107
2019-10-17,1260759811.26
2019-10-18,1046146449.48076
2019-10-19,393045996.9
2019-10-20,335445114.083
2019-10-21,949795298.925235
2019-10-22,996706690.858
2019-10-23,1296382266.37
2019-10-24,984320293.086673
2019-10-25,1334170237.66
2019-10-26,1256366630.61
2019-10-27,721778043.423887
2019-10-28,1882149479.1
2019-10-29,1157811408.23
2019-10-30,933497841.255334
2019-10-31,1573437647.48
2019-11-01,2074156433.8
2019-11-02,736867493.36135
2019-11-03,791930340.105
2019-11-04,1333487928.86
2019-11-05,2769186824.13713
2019-11-06,1446365892.0
2019-11-07,1410260957.18
2019-11-08,1458241138.12778
2019-11-09,1046596790.17
2019-11-10,364320564.19
2019-11-11,718863061.19166
2019-11-12,865205529.78
2019-11-13,1486062566.37
2019-11-14,946450282.515701
2019-11-15,1199132985.12
2019-11-16,461834641.876
2019-11-17,342818350.321039
2019-11-18,1043917564.34
2019-11-19,923399726.065
2019-11-20,870969121.524629
2019-11-21,1165992114.2
2019-11-22,1691710108.35
2019-11-23,1151153475.67428
2019-11-24,544401075.375
2019-11-25,1313006695.03
2019-11-26,1179814702.24228
2019-11-27,1513433741.15
2019-11-28,769525352.625
2019-11-29,1078007992.31578
2019-11-30,696535295.153
2019-12-01,410180206.361
2019-12-02,904057314.823355
2019-12-03,1101171350.27
2019-12-04,1466498115.74
2019-12-05,829793365.229581
2019-12-06,1235038809.94
2019-12-07,842686832.919
2019-12-08,307899861.771098
2019-12-09,984541456.772
2019-12-10,1203358979.52
2019-12-11,960237277.26307
2019-12-12,1259580435.18
2019-12-13,910737705.989
2019-12-14,455496983.970829
2019-12-15,331461605.787
2019-12-16,880428472.303
2019-12-17,1699726138.74945
2019-12-18,1653840922.57
2019-12-19,1185600661.75
2019-12-20,1192218774.49197
2019-12-21,484021776.663
2019-12-22,409093776.779
2019-12-23,1144871677.88131
2019-12-24,770512475.798
2019-12-25,863528900.79
2019-12-26,783721256.337016
2019-12-27,847107991.825
2019-12-28,480834303.779
2019-12-29,381265550.855148
2019-12-30,956242180.526
2019-12-31,854423855.554
2020-01-01,278141981.965149
2020-01-02,692062815.86
2020-01-03,1721171458.46
2020-01-04,623052159.06369
2020-01-05,355303880.322
2020-01-06,962060777.656
2020-01-07,1122651351.86172
2020-01-08,1185786689.98
2020-01-09,1557053628.83
2020-01-10,1280612805.31253
2020-01-11,512234137.66
2020-01-12,451843048.807
2020-01-13,881745942.082351
2020-01-14,2900956206.91
2020-01-15,2458672964.84
2020-01-16,1325748763.69605
2020-01-17,1542090152.49
2020-01-18,691951125.418
2020-01-19,604108398.922501
2020-01-20,1265736839.76
2020-01-21,897029394.97
2020-01-22,1252987750.19963
2020-01-23,1402766346.48
2020-01-24,983478887.091
2020-01-25,372513968.74356
2020-01-26,375372746.979
2020-01-27,810082885.567
2020-01-28,1052472169.00964
2020-01-29,1212895193.81
2020-01-30,1703649922.2
2020-01-31,2215319754.1268
2020-02-01,994556670.98
2020-02-02,610013826.845
2020-02-03,3506998581.29517
2020-02-04,1182655805.23
2020-02-05,3323586288.29
2020-02-06,3323586288.2882
2020-02-07,1803840353.47
2020-02-08,1443920309.06
2020-02-09,744577606.607648
2020-02-10,1655558310.38
2020-02-11,2306736286.51
2020-02-12,1870288291.39479
2020-02-13,1903943551.24
2020-02-14,1546031520.68
2020-02-15,1109593958.57004
2020-02-16,1638768688.22
2020-02-17,2253057178.22
2020-02-18,1513418378.62798
2020-02-19,1880304367.68
2020-02-20,1635169613.47
2020-02-21,1133722528.69818
2020-02-22,508369260.662
2020-02-23,737289757.885
2020-02-24,1060129347.02799
2020-02-25,1088999982.05
2020-02-26,1306061365.12
2020-02-27,2025910515.26091
2020-02-28,1789999976.54
2020-02-29,1226689506.9734
2020-03-01,549446378.675048
2020-03-02,1346019714.60831
2020-03-03,1346019714.60831
2020-03-04,1344613313.04405
2020-03-05,1347117308.56223
2020-03-06,1586746058.90616
2020-03-07,714006122.12699
2020-03-08,750461852.241262
2020-03-09,2012070398.88597
2020-03-10,1642231325.0775
2020-03-11,1574744357.10949
2020-03-12,3596290367.00052
2020-03-13,2755019578.84146
2020-03-14,1169201200.62799
2020-03-15,691118819.656607
2020-03-16,1829202302.65315
2020-03-17,1553039642.47712
2020-03-18,1087150158.46778
2020-03-19,1203126598.80139
2020-03-20,2081996655.25232
2020-03-21,647373597.906475
2020-03-22,707671399.167601
2020-03-23,1055238675.13386
2020-03-24,1896290040.77095
2020-03-25,939872246.666284
2020-03-26,982877529.995054
2020-03-27,1213708784.84108
2020-03-28,606386218.694661
2020-03-29,579110788.065739
2020-03-30,1063117757.4694
2020-03-31,1183183832.53956
2020-04-01,861593745.667491
2020-04-02,1112746186.31126
2020-04-03,996027773.773442
2020-04-04,461924504.587505
2020-04-05,446883068.920588
2020-04-06,1903887715.82672
2020-04-07,1534435754.21386
2020-04-08,959560031.91941
2020-04-09,2311484767.99329
2020-04-10,1101942938.40979
2020-04-11,467888135.693746
2020-04-12,408486669.553085
2020-04-13,1124828313.502
2020-04-14,824353875.169474
2020-04-15,1009167505.32317
2020-04-16,1278047926.54404
2020-04-17,1073444827.62685
2020-04-18,519833202.144473
2020-04-19,458165164.115702
2020-04-20,999366645.3129
2020-04-21,1086827836.50855
2020-04-22,950788113.035903
2020-04-23,1287058107.13864
2020-04-24,1901237345.55861
2020-04-25,588383800.374401
2020-04-26,477350119.694664
2020-04-27,1244890678.78536
2020-04-28,1057322602.34099
2020-04-29,3184852305.57904
2020-04-30,2685333576.87795
2020-05-01,1977433108.12039
2020-05-02,650315088.980719
2020-05-03,798356910.646175
2020-05-04,1301213020.58341
2020-05-05,1158788354.57839
2020-05-06,1639157502.58385
2020-05-07,1938783579.01866
2020-05-08,2581331592.43038
2020-05-09,1891310409.07318
2020-05-10,1160570547.66815
2020-05-11,1697952428.5878
2020-05-12,1902634189.74064
2020-05-13,1840743652.80359
2020-05-14,1256024234.83165
2020-05-15,1570409119.92827
2020-05-16,904101584.161914
2020-05-17,554234698.77281
2020-05-18,1522447447.77392
2020-05-19,1324908761.86765
2020-05-20,1698883644.51521
2020-05-21,1827598465.30696
2020-05-22,1309276220.21627
2020-05-23,659872561.67834
2020-05-24,981745455.338841
2020-05-25,2386079966.12279
2020-05-26,1028006698.0951
2020-05-27,1653961345.48304
2020-05-28,1299498648.03744
2020-05-29,1652605318.46225
2020-05-30,726174719.659483
2020-05-31,1560857802.00739
2020-06-01,2405059313.78643
2020-06-02,2689299632.09421
2020-06-03,1367910769.13515
2020-06-04,1754810883.71382
2020-06-05,1798108013.43404
2020-06-06,578237010.345349
2020-06-07,500851759.616004
2020-06-08,1476953360.63616
2020-06-09,1189532513.05837
2020-06-10,1185046064.64972
2020-06-11,2319865799.72096
2020-06-12,1189940932.56761
2020-06-13,576532445.734542
2020-06-14,459031700.888373
2020-06-15,1689895109.32884
2020-06-16,1657379522.9407
2020-06-17,1698265606.83664
2020-06-18,1191197355.42604
2020-06-19,2333210102.27051
2020-06-20,580481419.614336
2020-06-21,536969560.490895
2020-06-22,1369587319.75579
2020-06-23,2158044283.7941
2020-06-24,1668568262.54677
2020-06-25,1809758026.47067
2020-06-26,1982165061.32764
2020-06-27,598209748.027246
2020-06-28,602227413.240989
2020-06-29,1094780887.00755
2020-06-30,964046737.852914
2020-07-01,1468279709.0132
2020-07-02,1329290846.49266
2020-07-03,1162725810.99092
2020-07-04,598371117.138459
2020-07-05,511532010.235418
2020-07-06,1413260028.33242
2020-07-07,1265052644.49911
2020-07-08,1582500913.17443
2020-07-09,1383313673.42838
2020-07-10,1239897769.81168
2020-07-11,576572385.558404
2020-07-12,481367498.713169
2020-07-13,1354265482.01243
2020-07-14,1245429103.12721
2020-07-15,1239461867.82262
2020-07-16,1266988570.14269
2020-07-17,1100985768.81717
2020-07-18,699138625.60008
2020-07-19,635003579.074158
2020-07-20,1056788376.71222
2020-07-21,1326906299.31485
2020-07-22,1606938398.15599
2020-07-23,1733033896.10933
2020-07-24,1581504621.43281
2020-07-25,895321520.430384
2020-07-26,1009262428.00711
2020-07-27,2520983909.08391
2020-07-28,2732598812.18318
2020-07-29,2066537370.29674
2020-07-30,1893559564.52982
2020-07-31,2132382806.80711
2020-08-01,1282524246.37756
2020-08-02,1161811695.51631
2020-08-03,2630857377.15599
2020-08-04,1514661048.79905
2020-08-05,1382305624.12346
2020-08-06,2122100338.58475
2020-08-07,1897594213.63528
2020-08-08,957307311.265865
2020-08-09,819746332.084762
2020-08-10,2038494057.068
2020-08-11,1833511322.68141
2020-08-12,1622537211.16193
2020-08-13,1705063980.69705
2020-08-14,2293744966.95202
2020-08-15,1090367766.0598
2020-08-16,923018319.347379
2020-08-17,2046439654.49524
2020-08-18,2363375056.9934
2020-08-19,1951302613.8825393
2020-08-20,1599895179.606914
2020-08-21,1516606230.5688822
2020-08-22,947590518.3606329
2020-08-23,694626473.0813165
2020-08-24,1349526577.4472823
2020-08-25,1571905464.0375934
2020-08-26,1606738709.2854536
2020-08-27,1582727807.8585138
2020-08-28,2013696414.016841
2020-08-29,936108106.0835737
2020-08-30,1092133417.798481
2020-08-31,2351032934.550586
2020-09-01,2357189690.750896
2020-09-02,2108369094.4854293
2020-09-03,2195667067.2480316
2020-09-04,2512517216.225265
2020-09-05,1263375218.8698335
2020-09-06,942632672.8111798
2020-09-07,1747148281.5062864
2020-09-08,1706304707.7497606
2020-09-09,1479239533.7312331
2020-09-10,1510201425.9578102
2020-09-11,1615058494.599918
2020-09-12,855809354.7957093
2020-09-13,786517189.8096939
2020-09-14,1641329657.9907258
2020-09-15,1675152816.8943894
2020-09-16,1875402238.1826138
2020-09-17,1728645381.2338386
2020-09-18,1937356456.84136
2020-09-19,1020812737.2328732
2020-09-20,845867147.6809912
2020-09-21,1618550493.708504
2020-09-22,1620744900.8434787
2020-09-23,1930400508.768271
2020-09-24,2038281713.5185595
2020-09-25,1904178398.6342678
2020-09-26,794309819.7184452
2020-09-27,789919236.0190964
2020-09-28,1644928781.8498938
2020-09-29,1756325729.5985732
2020-09-30,1561125507.1341772
2020-10-01,1674944661.581599
2020-10-02,2283910067.2491984
2020-10-03,846455550.5192969
2020-10-04,634742572.527444
2020-10-05,1343799081.1799047
2020-10-06,1385299160.190378
2020-10-07,1847973952.4246747
2020-10-08,1564119346.8517392
2020-10-09,2052602359.6675017
2020-10-10,1149403530.058942
2020-10-11,651622749.4229141
2020-10-12,1519550414.7656412
2020-10-13,1713107902.128088
2020-10-14,1641335688.119119
2020-10-15,1656087273.91197
2020-10-16,1735871118.0383928
2020-10-17,694375228.5853593
2020-10-18,564810368.5227593
2020-10-19,1621572965.596006
2020-10-20,1656442476.473881
2020-10-21,2381891958.1275086
2020-10-22,3311533243.6679773
2020-10-23,2772642131.3782315
2020-10-24,1019815578.520192
2020-10-25,770092624.095325
2020-10-26,2143577766.8448274
2020-10-27,1916977068.721834
2020-10-28,2517314639.707993
2020-10-29,2135566368.3007386
2020-10-30,1893674939.1413562
2020-10-31,1316281834.8887045
2020-11-01,1188080329.7413285
2020-11-02,1715336327.8298092
2020-11-03,3811487630.8471503
2020-11-04,1988917620.2442853
2020-11-05,5149644713.046795
2020-11-06,3527917034.289506
2020-11-07,1502513708.7042077
2020-11-08,1123463511.0622897
2020-11-09,2728063355.8702464
2020-11-10,2632911827.6774883
2020-11-11,2715135370.028515
2020-11-12,3262813497.119191
2020-11-13,2656697442.1882963
2020-11-14,1356685552.9036057
2020-11-15,795037576.249102
2020-11-16,2343880257.789508
2020-11-17,3117390382.4550147
2020-11-18,4148880836.428013
2020-11-19,2649430667.646257
2020-11-20,4202034216.731514
2020-11-21,2261632554.633789
2020-11-22,1454587916.630766
2020-11-23,2703213540.7977214
2020-11-24,4162955937.5419774
2020-11-25,3581534995.903928
2020-11-26,3560329146.149023
2020-11-27,3539855459.5656195
2020-11-28,1310741286.2452636
2020-11-29,1353406964.7056353
2020-11-30,3302208582.0160117
2020-12-01,4627255393.593444
2020-12-02,2983704874.188316
2020-12-03,2744199631.0179462
2020-12-04,3109317273.318671
2020-12-05,1245963842.4548998
2020-12-06,1002450424.9438207
2020-12-07,2103990331.796725
2020-12-08,3771844232.261542
2020-12-09,2599989621.4131374
2020-12-10,3877167091.86871
2020-12-11,2913875514.564554
2020-12-12,1929697457.1383855
2020-12-13,3450322095.0157766
2020-12-14,2685900125.77615
2020-12-15,3108771396.732216
2020-12-16,4228699631.5529056
2020-12-17,5540206537.115145
2020-12-18,6176614857.997192
2020-12-19,2768897617.388285
2020-12-20,2436345570.703207
2020-12-21,3918912338.912008
2020-12-22,6418279942.846496
2020-12-23,6427851084.363599
2020-12-24,4019021845.006808
2020-12-25,2352003684.944295
2020-12-26,2615234142.573132
2020-12-27,4714768342.628513
2020-12-28,8026930076.872239
2020-12-29,5504342175.362542
2020-12-30,5840540994.996466
2020-12-31,5636631338.131147
2021-01-01,4343208402.410698
2021-01-02,6152237015.4746895
2021-01-03,5847742860.444979
2021-01-04,7503147813.225784
2021-01-05,6775407806.433055
2021-01-06,7549976673.166344
2021-01-07,9896769612.735806
2021-01-08,8838843563.36015
2021-01-09,5814286455.439408
2021-01-10,4278195465.100052
2021-01-11,6926936905.870075
2021-01-12,7357383072.698131
2021-01-13,5277220346.7589445
2021-01-14,8352711917.09365
2021-01-15,6530346131.6429825
2021-01-16,2570302174.9651437
2021-01-17,2561329124.5043206
2021-01-18,3849376580.2371182
2021-01-19,7509307340.108117
2021-01-20,5094690667.83868
2021-01-21,4661464273.179369
2021-01-22,5354605407.599176
2021-01-23,2103201286.0037167
2021-01-24,1966307038.6473134
2021-01-25,3905630182.601754
2021-01-26,4228927064.0523696
2021-01-27,5425004803.729349
2021-01-28,4988231552.939995
2021-01-29,8288844085.460961
2021-01-30,3416568799.038823
2021-01-31,3119627987.413366
2021-02-01,4586348228.014149
2021-02-02,4346023783.550835
2021-02-03,4985868433.536457
2021-02-04,6269136960.242842
2021-02-05,6157892770.648826
2021-02-06,4577756277.630126
2021-02-07,3515624989.356609
2021-02-08,8364117755.063739
2021-02-09,10834628125.018213
2021-02-10,7305646115.878271
2021-02-11,6333458804.686527
2021-02-12,7811431839.715774
2021-02-13,3676762390.3643637
2021-02-14,3102283702.90204
2021-02-15,5028594620.989651
2021-02-16,6187880486.479969
2021-02-17,7740989999.164483
2021-02-18,8027247241.935083
2021-02-19,8975014334.61605
2021-02-20,6995147926.057189
2021-02-21,7839947832.124444
2021-02-22,8515953765.557784
2021-02-23,12102608267.13961
2021-02-24,9123958043.345936
2021-02-25,8084434721.151986
2021-02-26,7202864759.149535
2021-02-27,3416482976.250144
2021-02-28,3227571917.3888235
2021-03-01,5867267655.439818
2021-03-02,6707252970.14486
2021-03-03,6540727319.73289
2021-03-04,5254550974.76691
2021-03-05,8571816585.961295
2021-03-06,2814010102.6878242
2021-03-07,3256898858.6546917
2021-03-08,6455368739.454128
2021-03-09,7267886049.152834
2021-03-10,7607218390.253023
2021-03-11,7815260934.970914
2021-03-12,8389445169.75331
2021-03-13,6252538514.7425
2021-03-14,5914693356.069364
2021-03-15,7391203818.270152
2021-03-16,8414319042.315213
2021-03-17,6410069887.531584
2021-03-18,5684429157.027738
2021-03-19,5953986740.001387
2021-03-20,3378908922.8126254
2021-03-21,3654267039.161541
2021-03-22,5299609269.970794
2021-03-23,7567504956.543793
2021-03-24,6956174962.680886
2021-03-25,7475059268.080135
2021-03-26,7494637392.191981
2021-03-27,3738511752.0196714
2021-03-28,2746380160.0662503
2021-03-29,6604751298.088798
2021-03-30,6286007313.120905
2021-03-31,6798433825.419553
2021-04-01,6961929171.789202
2021-04-02,6501984723.386886
2021-04-03,3823846850.7601023
2021-04-04,3007013909.974989
2021-04-05,5636763512.818328
2021-04-06,11383898953.539917
2021-04-07,6422300909.583367
2021-04-08,6112050100.201059
2021-04-09,6330239986.766539
2021-04-10,6092856977.739401
2021-04-11,4013468488.9395313
2021-04-12,7343373828.67675
2021-04-13,9364020483.020603
2021-04-14,9467805074.32664
2021-04-15,7491319879.713019
2021-04-16,7918735254.1182995
2021-04-17,3345356860.835313
2021-04-18,11856647360.954725
2021-04-19,7003954975.952247
2021-04-20,8311557599.486943
2021-04-21,7009968211.3791
2021-04-22,8500130355.892971
2021-04-23,11486117186.513248
2021-04-24,3907764473.017146
2021-04-25,5690337431.31398
2021-04-26,6987267570.035969
2021-04-27,6828181874.191442
2021-04-28,5400170407.9552355
2021-04-29,7198764177.987766
2021-04-30,8038587266.254536
2021-05-01,3347043374.8694096
2021-05-02,2991270138.389222
2021-05-03,5954769584.492453
2021-05-04,7698193443.310121
2021-05-05,6381517581.403065
2021-05-06,7566141015.089905
2021-05-07,9703541846.825617
2021-05-08,4620961715.6818495
2021-05-09,5388114089.551383
2021-05-10,8099530690.219605
2021-05-11,6620873679.221073
2021-05-12,12953414263.347263
2021-05-13,11355681895.517153
2021-05-14,7906534590.266755
2021-05-15,4191692549.2390285
2021-05-16,5725518842.773768
2021-05-17,10100167444.649612
2021-05-18,6401432361.182449
2021-05-19,14642615897.19912
2021-05-20,12059107969.11172
2021-05-21,7317126300.495066
2021-05-22,5042562364.379068
2021-05-23,4450529580.047133
2021-05-24,7207897767.577337
2021-05-25,6201345379.021109
2021-05-26,5744713581.126872
2021-05-27,4886792807.599231
2021-05-28,5453824455.071646
2021-05-29,3534235035.747762
2021-05-30,2229477248.099227
2021-05-31,3294970505.355651
2021-06-01,5421714885.342989
2021-06-02,3845016656.313909
2021-06-03,4080204482.2136693
2021-06-04,3411600139.2564692
2021-06-05,2192085664.632768
2021-06-06,1550993266.2225916
2021-06-07,3987593296.6689854
2021-06-08,4855389937.573238
2021-06-09,4061991299.6894774
2021-06-10,4643427946.043253
2021-06-11,3501716416.1339355
2021-06-12,2153678028.595535
2021-06-13,1539743948.2780533
2021-06-14,4973233612.976941
2021-06-15,4080041045.1731434
2021-06-16,3918231599.126314
2021-06-17,3458321392.277408
2021-06-18,5151710129.431004
2021-06-19,2186838846.1350193
2021-06-20,2162759239.6124706
2021-06-21,4751842584.489068
2021-06-22,4882368443.934831
2021-06-23,4386486291.106102
2021-06-24,3876348202.4309297
2021-06-25,4356792800.442628
2021-06-26,2331345211.2810645
2021-06-27,2112213965.6302857
2021-06-28,3708117939.5760326
2021-06-29,3300219147.3776546
2021-06-30,3725912659.9057236
2021-07-01,3625272212.8194623
2021-07-02,4454956968.426739
2021-07-03,1526282960.7179453
2021-07-04,1515363756.6394658
2021-07-05,2169927055.3384056
2021-07-06,2346543660.266684
2021-07-07,2415077701.787478
2021-07-08,3349209076.6624417
2021-07-09,2552942232.963585
2021-07-10,1104335807.3131185
2021-07-11,1361224001.4296572
2021-07-12,3530030646.398229
2021-07-13,2583990657.5143604
2021-07-14,2847291324.211062
2021-07-15,3546057522.319202
2021-07-16,2855123418.4177036
2021-07-17,4054713463.0521975
2021-07-18,1052594971.1817188
2021-07-19,2991573664.253314
2021-07-20,2934190502.6489563
2021-07-21,3408086708.7529273
2021-07-22,2584131350.756411
2021-07-23,2519917919.132724
2021-07-24,1689884089.6329966
2021-07-25,1824435371.4748766
2021-07-26,8661331075.286484
2021-07-27,7345558779.508659
2021-07-28,6002881501.151431
2021-07-29,8710173273.907516
2021-07-30,3645326210.342276
2021-07-31,1924780316.6358085
2021-08-01,1721720041.225241
2021-08-02,3383600749.1596594
2021-08-03,3774291695.6785836
2021-08-04,4094514095.0958066
2021-08-05,3189301462.820454
2021-08-06,4463338799.731509
2021-08-07,2198372699.5776916
2021-08-08,2863365745.2230344
2021-08-09,6121383053.705138
2021-08-10,4488621499.916477
2021-08-11,5806136771.043135
2021-08-12,3433253898.4565864
2021-08-13,3855116852.5439167
2021-08-14,3157295026.044922
2021-08-15,2430142554.508242
2021-08-16,4336625433.375353
2021-08-17,2915373923.378095
2021-08-18,4267113160.596617
2021-08-19,3132624120.660245
2021-08-20,5683508929.504638
2021-08-21,4007697514.479291
2021-08-22,1549564156.3142304
2021-08-23,5800342005.268154
2021-08-24,4160097929.5734167
